"model","image","class_id","class_name","iou"
"YOLOv8s","20_JPG.rf.05f83a48666c6e47db3911b2601e258e.jpg","5","pothole","0.894432858476198"
"YOLOv8s","20_JPG.rf.05f83a48666c6e47db3911b2601e258e.jpg","5","pothole","0.7571087197913158"
"YOLOv8s","27_JPG_jpg.rf.28aab754911bbba808a5075fb049b86d.jpg","5","pothole","0.7966125834664011"
"YOLOv8s","71_jpg.rf.7a2e97c39a782dc3b8ecd17ec0b715c6.jpg","0","alligator","0.9571581414742456"
"YOLOv8s","71_jpg.rf.7a2e97c39a782dc3b8ecd17ec0b715c6.jpg","5","pothole","0.9816403681858233"
"YOLOv8s","71_jpg.rf.7a2e97c39a782dc3b8ecd17ec0b715c6.jpg","6","transverse","0.8932308549136854"
"YOLOv8s","75_jpg.rf.554b15d8388e2f536ed82eba049d2e03.jpg","5","pothole","0.642041791327239"
"YOLOv8s","75_jpg.rf.554b15d8388e2f536ed82eba049d2e03.jpg","0","alligator","0.530201224223087"
"YOLOv8s","87_jpg.rf.dcfafc1601c86c4bd11500794fde9ddd.jpg","0","alligator","0.9656435139216566"
"YOLOv8s","87_jpg.rf.dcfafc1601c86c4bd11500794fde9ddd.jpg","5","pothole","0.7615711002527373"
"YOLOv8s","a10_jpg.rf.8732cbffbf3bddb945a8846b47b5b677.jpg","0","alligator","0.9823378899730202"
"YOLOv8s","a4_jpg.rf.fcf8266a68273503b4de3dec7ada272e.jpg","0","alligator","0.6007978560831804"
"YOLOv8s","al031_jpg.rf.85004737f71ffc58d452b3ae7bea0a6a.jpg","0","alligator","0.9843420745056176"
"YOLOv8s","al035_jpg.rf.86eb64b717b46f98297fc1f7dc530843.jpg","0","alligator","0.6557850494212443"
"YOLOv8s","al080_jpg.rf.725e55c24f5ea9f33ccc1d178270e511.jpg","0","alligator","0.5541223228228848"
"YOLOv8s","al080_jpg.rf.725e55c24f5ea9f33ccc1d178270e511.jpg","0","alligator","0.5193462304271794"
"YOLOv8s","al1063_jpg.rf.aa2374d040e72a4ac9c16d406b2af0e0.jpg","0","alligator","0.6692284462914997"
"YOLOv8s","al1067_jpg.rf.b1354c62a373e047eb74147e532311fd.jpg","0","alligator","0.6334074693627013"
"YOLOv8s","al1089_jpg.rf.08b1bc173f42e8b86313be8a12fc55ca.jpg","0","alligator","0.6206259090254581"
"YOLOv8s","al1129_jpg.rf.6747af726fc52e0f7fa2ca989d8fbdb1.jpg","0","alligator","0.800734048190337"
"YOLOv8s","al1129_jpg.rf.6747af726fc52e0f7fa2ca989d8fbdb1.jpg","0","alligator","0.5605896442320432"
"YOLOv8s","al1175_jpg.rf.dcae6297cd5f9d3eaceaa2b81c09ae2b.jpg","0","alligator","0.5573947508402496"
"YOLOv8s","al1175_jpg.rf.dcae6297cd5f9d3eaceaa2b81c09ae2b.jpg","0","alligator","0.7585942674883406"
"YOLOv8s","al1217_jpg.rf.5bbbe79f5773cbc8a4f1d42ae45650c7.jpg","0","alligator","0.7108616809871932"
"YOLOv8s","al1217_jpg.rf.5bbbe79f5773cbc8a4f1d42ae45650c7.jpg","0","alligator","0.5200030794328124"
"YOLOv8s","al1312_jpg.rf.5efb24b101841a1d89549b0bd5b9ebc9.jpg","0","alligator","0.768553682191051"
"YOLOv8s","al1316_jpg.rf.4d7658e7687377c0215c857eefbe60f6.jpg","0","alligator","0.6002198796325845"
"YOLOv8s","al1371_jpg.rf.0a0c16c2ed91ed5e3c4b6e2bf42d791d.jpg","0","alligator","0.6303331804539618"
"YOLOv8s","al1371_jpg.rf.0a0c16c2ed91ed5e3c4b6e2bf42d791d.jpg","0","alligator","0.5868802382169022"
"YOLOv8s","al1413_jpg.rf.df8253df8e66731600180f782f3b0cce.jpg","0","alligator","0.5561951299068437"
"YOLOv8s","al1417_jpg.rf.2c79be1265503e3464a4e80d2633f127.jpg","0","alligator","0.5841492146010844"
"YOLOv8s","al1459_jpg.rf.40fe80bc7b4a509a07d188e6376a44f0.jpg","0","alligator","0.6957999735422987"
"YOLOv8s","al1471_jpg.rf.620fcff9a1463d10fba66a98c70b71ab.jpg","0","alligator","0.525492613961152"
"YOLOv8s","al1501_jpg.rf.e2ef85b092f25c9e96e14e0ae4bae4cc.jpg","0","alligator","0.6242416699327852"
"YOLOv8s","al1517_jpg.rf.3b295ecee33e699b1d41b94aa669faa1.jpg","0","alligator","0.5430405407404163"
"YOLOv8s","al151_jpg.rf.cea76b812e5988c6cfd6a2b5d17debe0.jpg","0","alligator","0.6186676842083365"
"YOLOv8s","al151_jpg.rf.cea76b812e5988c6cfd6a2b5d17debe0.jpg","0","alligator","0.5987436489950777"
"YOLOv8s","al1562_jpg.rf.3cd2f980d42b5e37b7877452d2a471a8.jpg","0","alligator","0.684271676269479"
"YOLOv8s","al1567_jpg.rf.551541d4c7012a2ba4930b2cbcd95422.jpg","0","alligator","0.6181900466147174"
"YOLOv8s","al1587_jpg.rf.570678f37e29fed1ec6b46df3225a990.jpg","0","alligator","0.8355242442435159"
"YOLOv8s","al1587_jpg.rf.570678f37e29fed1ec6b46df3225a990.jpg","0","alligator","0.5424147454194188"
"YOLOv8s","al1587_jpg.rf.570678f37e29fed1ec6b46df3225a990.jpg","0","alligator","0.5850773416891646"
"YOLOv8s","al1666_jpg.rf.fbc53becd1eeced0d6692d8faf3d66e7.jpg","0","alligator","0.5285379573104748"
"YOLOv8s","al1666_jpg.rf.fbc53becd1eeced0d6692d8faf3d66e7.jpg","0","alligator","0.813151383162321"
"YOLOv8s","al1715_jpg.rf.c422aeceeadd77b07c230cd12445334e.jpg","0","alligator","0.5098874893898533"
"YOLOv8s","al1752_jpg.rf.ccbc12648c7727fac24a9cf7794ad433.jpg","4","longitudinal","0.6139475471695783"
"YOLOv8s","al1752_jpg.rf.ccbc12648c7727fac24a9cf7794ad433.jpg","0","alligator","0.5443466471227578"
"YOLOv8s","al1752_jpg.rf.ccbc12648c7727fac24a9cf7794ad433.jpg","4","longitudinal","0.7444938871471256"
"YOLOv8s","al1765_jpg.rf.020c7c8c409a730544986e57d2577862.jpg","0","alligator","0.5014725229642684"
"YOLOv8s","al1766_jpg.rf.5ae80863a05737374f6bb8bfe02092c1.jpg","0","alligator","0.5556994862882495"
"YOLOv8s","al1830_jpg.rf.d31e9e1436d41506486c470031c65aa4.jpg","0","alligator","0.6086169007809803"
"YOLOv8s","al1930_jpg.rf.0c6b613d8c2365b3b3cb8df219ed7d86.jpg","0","alligator","0.5343892847407263"
"YOLOv8s","al341_jpg.rf.a67ae1287662b830a9eb0b42449ada69.jpg","0","alligator","0.5678925619925549"
"YOLOv8s","al487_jpg.rf.36e79a225b348e88946ee6f3defc7dfb.jpg","0","alligator","0.5169953635376305"
"YOLOv8s","al687_jpg.rf.9ccb0b6c59fb637b05db2a1d5ab9e7a6.jpg","0","alligator","0.5000492182446926"
"YOLOv8s","al761_jpg.rf.246bdc8377757b0e4cdc83a6d4675ba0.jpg","0","alligator","0.5358835734178986"
"YOLOv8s","al829_jpg.rf.28034c44ea999d59481e9205ff0c62fb.jpg","0","alligator","0.8084010924796933"
"YOLOv8s","al905_jpg.rf.2da82d4dde88b07c21082ffc4768fafc.jpg","0","alligator","0.8926411844349504"
"YOLOv8s","al929_jpg.rf.efb6be7be7c0d0a4dac7bc59735c9584.jpg","4","longitudinal","0.5224292072792361"
"YOLOv8s","al932_jpg.rf.25b7d7ac031482a8a8d5f5d899ebeb13.jpg","4","longitudinal","0.8357960978725343"
"YOLOv8s","al932_jpg.rf.25b7d7ac031482a8a8d5f5d899ebeb13.jpg","0","alligator","0.8224346845998515"
"YOLOv8s","al961_jpg.rf.bc707576b3e6a32d64769b2c0ec7bac2.jpg","0","alligator","0.6852911115183937"
"YOLOv8s","c_im102_2_1_jpg.rf.11d89cb7cc956f24e4648f394c0613be.jpg","0","alligator","0.9713377278116511"
"YOLOv8s","c_im102_2_1_jpg.rf.56fb6279c073f8f5cb890725d072d61a.jpg","0","alligator","0.9711690836442696"
"YOLOv8s","c_im68_1_0_jpg.rf.7728b8bc9128dd28412b6d3475dad31b.jpg","0","alligator","0.86587410311902"
"YOLOv8s","c_im97_1_1_jpg.rf.8a8cb33ba097c12a76760f5b195e9136.jpg","0","alligator","0.853992547130702"
"YOLOv8s","c_imIMG_7404_0_1_jpg.rf.ac481371d9bcd2f0739adc0c99b565f1.jpg","0","alligator","0.8249275618513318"
"YOLOv8s","c_imIMG_7405_1_1_jpg.rf.3e5af2f319e3436e755283843c45760f.jpg","0","alligator","0.7497774933627326"
"YOLOv8s","c_imIMG_7406_0_0_jpg.rf.817ec06b3ec62204f112c77b5a3082bc.jpg","0","alligator","0.9741311160521002"
"YOLOv8s","c_imIMG_7406_0_0_jpg.rf.817ec06b3ec62204f112c77b5a3082bc.jpg","6","transverse","0.6090198008960466"
"YOLOv8s","c_imIMG_7473_0_0_jpg.rf.d7d46dbfb572ec24a394adb72b726390.jpg","0","alligator","0.8894318910946014"
"YOLOv8s","c_imIMG_7474_0_0_jpg.rf.d694e87202cdc1ce5e2b8907c5e27c1a.jpg","0","alligator","0.8959662524494763"
"YOLOv8s","CFD_001_jpg.rf.75de11f6df29256687455a2e67eebbfa.jpg","2","crack","0.9078518157982998"
"YOLOv8s","CFD_003_jpg.rf.037b61fc6c38a6e57d84fa95315410b7.jpg","2","crack","0.7103194898206452"
"YOLOv8s","CFD_004_jpg.rf.2df2a4cb9411de7648c46c942aef45c8.jpg","2","crack","0.9355776109700634"
"YOLOv8s","CFD_005_jpg.rf.ed0608b045f4d0e9faedba65370d175b.jpg","2","crack","0.5728054385152255"
"YOLOv8s","CFD_007_jpg.rf.f3f268ff9145b1a2c8c4fa9c0e25c99a.jpg","2","crack","0.8966947612855418"
"YOLOv8s","CFD_010_jpg.rf.259b4e940347c02b0987f85fb0916720.jpg","2","crack","0.7928095146259793"
"YOLOv8s","CFD_012_jpg.rf.f255231ce131412a5439a600fbe8446b.jpg","2","crack","0.670252416668112"
"YOLOv8s","CFD_013_jpg.rf.2473df5497ed7a2f1b8cf462baad2556.jpg","2","crack","0.8964735452709175"
"YOLOv8s","CFD_014_jpg.rf.fea32efe127c5f5469ce1378192d3f6c.jpg","6","transverse","0.7943517352509849"
"YOLOv8s","CFD_020_jpg.rf.49f010052c32a5f5dc49d8d3f9d88aed.jpg","6","transverse","0.8545169580620876"
"YOLOv8s","CFD_021_jpg.rf.9f28601003f5f88c24a2b323cb40693f.jpg","2","crack","0.8855002506339813"
"YOLOv8s","CFD_023_jpg.rf.6594d8c6aa8db3f9dbceafd4de88e8e8.jpg","2","crack","0.7451515219208891"
"YOLOv8s","CFD_024_jpg.rf.c15978731b3df453b1efbca4192c6212.jpg","2","crack","0.8053855914040075"
"YOLOv8s","CFD_025_jpg.rf.91772828ca96e82e0fa832a4f7423832.jpg","6","transverse","0.8431084432092055"
"YOLOv8s","CFD_026_jpg.rf.035ff3d3bb101eb74377b3c3d8eac80e.jpg","2","crack","0.831360863983115"
"YOLOv8s","CFD_031_jpg.rf.957463d0181569f79eaafc47cdb20ecc.jpg","2","crack","0.7598035953759974"
"YOLOv8s","CFD_035_jpg.rf.3f7ecc6ec9e5c3d69149b6b47e55c816.jpg","2","crack","0.8237608111907586"
"YOLOv8s","CFD_037_jpg.rf.53bd5f7402ddaa632c6b77ac900ff737.jpg","2","crack","0.5912277496991832"
"YOLOv8s","CFD_040_jpg.rf.9e2deaaa2c81de3f0e145befbb873e16.jpg","2","crack","0.7164319489932195"
"YOLOv8s","CFD_043_jpg.rf.6986d2fdfb8c13185c9bbee82ccb3ad6.jpg","2","crack","0.8498808049676754"
"YOLOv8s","CFD_049_jpg.rf.20f620175b4a4d2e5883e5ff0c738a99.jpg","6","transverse","0.8433862741703823"
"YOLOv8s","CFD_064_jpg.rf.3f3967670f52b587ae8e76fc5bc39bf5.jpg","2","crack","0.7412174806421012"
"YOLOv8s","CFD_093_jpg.rf.2168c49287cd42f1d2efbd174fdb67e8.jpg","2","crack","0.8337080044135738"
"YOLOv8s","CFD_096_jpg.rf.7cf8a20043b8f971dc5edfeff84b2781.jpg","2","crack","0.8253877335092753"
"YOLOv8s","crack-1056_jpg.rf.1d05af9caf7eeebb7f02e2bcec5777ca.jpg","6","transverse","0.8122416484827956"
"YOLOv8s","crack-1056_jpg.rf.1d05af9caf7eeebb7f02e2bcec5777ca.jpg","4","longitudinal","0.5624606616500595"
"YOLOv8s","crack-1056_jpg.rf.1d05af9caf7eeebb7f02e2bcec5777ca.jpg","4","longitudinal","0.7306266726618115"
"YOLOv8s","crack-1132_jpg.rf.53dd6c6b034ea0e9e95ad141d17e4ace.jpg","0","alligator","0.6759832679002531"
"YOLOv8s","crack-1132_jpg.rf.53dd6c6b034ea0e9e95ad141d17e4ace.jpg","5","pothole","0.7865017147179271"
"YOLOv8s","crack-1132_jpg.rf.53dd6c6b034ea0e9e95ad141d17e4ace.jpg","0","alligator","0.5785741719493278"
"YOLOv8s","crack-114_jpg.rf.92d38445d58dc7a35260c53450be1ea7.jpg","0","alligator","0.725667526119696"
"YOLOv8s","crack-114_jpg.rf.92d38445d58dc7a35260c53450be1ea7.jpg","1","block","0.6750622449305961"
"YOLOv8s","crack-117_jpg.rf.d7f1f3a3c34dcf62b4b56286c3ef8f6d.jpg","0","alligator","0.5668946819433824"
"YOLOv8s","crack-117_jpg.rf.d7f1f3a3c34dcf62b4b56286c3ef8f6d.jpg","0","alligator","0.7667405703952312"
"YOLOv8s","crack-141_jpg.rf.55afceec2dd8ddc96db75afa8669b933.jpg","0","alligator","0.8937375706884775"
"YOLOv8s","crack-199_jpg.rf.56b0d46fe1ae49b457778b193433930c.jpg","5","pothole","0.8255102104973703"
"YOLOv8s","crack-221_jpg.rf.63a38cd9503a73ac5a40ae001e1bc0d8.jpg","5","pothole","0.8100957792862523"
"YOLOv8s","crack-226_jpg.rf.26edb9a3b13ebbc4de2caa91589f4500.jpg","1","block","0.7065839532028044"
"YOLOv8s","crack-242_jpg.rf.ef0b75057bdade0c0eab77893c50d2ed.jpg","1","block","0.7227797829025427"
"YOLOv8s","crack-248_jpg.rf.4f1a76c663b644864a9dece3bff30feb.jpg","1","block","0.6820814394299609"
"YOLOv8s","crack-273_jpg.rf.3c2c4fde9ea3e6c88d03f660c44d68f7.jpg","1","block","0.8122270630107832"
"YOLOv8s","crack-288_jpg.rf.b572581f611f3fee404aff50c58007d6.jpg","1","block","0.8760912611963505"
"YOLOv8s","crack-297_jpg.rf.c158b28223f2052a7d28aa6117e912f8.jpg","1","block","0.6951921335626042"
"YOLOv8s","crack-302_jpg.rf.b9067cfc2df22fe1ce1b5d9daa4ab809.jpg","1","block","0.8655568540726969"
"YOLOv8s","crack-309_jpg.rf.efeb597ea65116b61321f10659fb4feb.jpg","1","block","0.8198761226125743"
"YOLOv8s","crack-310_jpg.rf.f8b6d2319b8d173c53f58498c3bed630.jpg","1","block","0.8202906636941424"
"YOLOv8s","crack-332_jpg.rf.537dc17486ba61a9e33a54a349cdbcf5.jpg","1","block","0.8988715358957373"
"YOLOv8s","crack-342_jpg.rf.2c880956f45f185e68b113d1ee6e36e7.jpg","1","block","0.8800379298389264"
"YOLOv8s","crack-345_jpg.rf.55e505474da97315ff43501a1e22001d.jpg","1","block","0.9468986398538942"
"YOLOv8s","crack-347_jpg.rf.b5f09fcb3c7446af0b8759fe7371a212.jpg","1","block","0.9343174999159943"
"YOLOv8s","crack-354_jpg.rf.187b920234fb08500e39dccbcb31916f.jpg","1","block","0.8758016285291292"
"YOLOv8s","crack-355_jpg.rf.9152d69db78634dcef2b4640b293ebcc.jpg","1","block","0.8802861108278871"
"YOLOv8s","crack-371_jpg.rf.68a30caa545cceed077667001072e352.jpg","1","block","0.8734062695955485"
"YOLOv8s","crack-393_jpg.rf.610331bff3fc107ed9373ad6d7acf405.jpg","5","pothole","0.8392230655225658"
"YOLOv8s","crack-393_jpg.rf.610331bff3fc107ed9373ad6d7acf405.jpg","0","alligator","0.8529782912977014"
"YOLOv8s","crack-402_jpg.rf.a80392fd6ca39292bd80b8722cc1cb35.jpg","1","block","0.7469591992837639"
"YOLOv8s","crack-422_jpg.rf.1ffb4ca84ddc74c409923601753391ca.jpg","1","block","0.8181852175432686"
"YOLOv8s","crack-493_jpg.rf.76bbb644de8652e3c7d3b98f5ae63d85.jpg","1","block","0.9309570866189598"
"YOLOv8s","crack-497_jpg.rf.d43e314090c45b0baeac298894d5a4ad.jpg","1","block","0.8946244572008338"
"YOLOv8s","crack-500_jpg.rf.13289baf408f92989c8752ad0224d1d1.jpg","1","block","0.9223887291081575"
"YOLOv8s","crack-503_jpg.rf.fa4f967cef8618f0c97192f28f4a7f64.jpg","1","block","0.9163819249777209"
"YOLOv8s","crack-506_jpg.rf.138727b874979e0d2360d3f49793d10a.jpg","1","block","0.9474803482384793"
"YOLOv8s","crack-510_jpg.rf.d154cda92e88b89bfae36b6e9cb5ab71.jpg","1","block","0.9005809123775803"
"YOLOv8s","crack-523_jpg.rf.8d9289178cd48f13db5e4c69dc5fdf92.jpg","0","alligator","0.8819400719057626"
"YOLOv8s","crack-526_jpg.rf.3743195808965d972a17781c981b0378.jpg","0","alligator","0.8882530996559611"
"YOLOv8s","crack-526_jpg.rf.3743195808965d972a17781c981b0378.jpg","1","block","0.7782039449457108"
"YOLOv8s","crack-537_jpg.rf.64906b31d5fbbc9491c0b86d84162846.jpg","1","block","0.886065363832334"
"YOLOv8s","crack-554_jpg.rf.ad5f503f13a97c359f16995851e60680.jpg","5","pothole","0.7367049313868552"
"YOLOv8s","crack-576_jpg.rf.bac65cef035fddc1727fd5053ab8f9c2.jpg","0","alligator","0.8513066518501746"
"YOLOv8s","crack-585_jpg.rf.aa1eaeac9558e5bb9a8d1ae550c5edf1.jpg","1","block","0.84655916864921"
"YOLOv8s","crack-595_jpg.rf.8ef21d5da9c836eece85dfb477acdebf.jpg","1","block","0.7001439728341168"
"YOLOv8s","crack-596_jpg.rf.61f4bf85702645e329b5a49ac2c47668.jpg","1","block","0.7555267670428281"
"YOLOv8s","crack-627_jpg.rf.5c820307415596a0620ac7af98362d26.jpg","1","block","0.929840104114615"
"YOLOv8s","crack-642_jpg.rf.999bb2b93cbbab16940a5ced4e351fad.jpg","0","alligator","0.7749270817718967"
"YOLOv8s","crack-647_jpg.rf.7eeb152e471d5a24808af9f67a6b465d.jpg","0","alligator","0.500453332673527"
"YOLOv8s","crack-651_jpg.rf.cda94b8da1860a33571853e37fd9d87e.jpg","0","alligator","0.9112571426243639"
"YOLOv8s","crack-6521_jpg.rf.c6666ffd4e2450e6ad9a0873031ab51b.jpg","1","block","0.8647917484250045"
"YOLOv8s","crack-6576_jpg.rf.6cceec903de20cfd2b5bbeeecf1868cc.jpg","6","transverse","0.6493218852510433"
"YOLOv8s","crack-6595_jpg.rf.bfbfafbea4bb2689930c3deb08b1804a.jpg","0","alligator","0.9470076887934992"
"YOLOv8s","crack-6598_jpg.rf.c9e3a2bc5bd97bee6e7283831bfc8e00.jpg","0","alligator","0.9314186370016828"
"YOLOv8s","crack-6600_jpg.rf.a41563b3e864177776c8856f3deb70fa.jpg","0","alligator","0.9341789677279699"
"YOLOv8s","crack-6606_jpg.rf.6c513aaa179e75b4dbde67d32d5223bb.jpg","0","alligator","0.8921927904098013"
"YOLOv8s","crack-6609_jpg.rf.da83ef0245f83fcda96404c16786211f.jpg","0","alligator","0.9260763252690017"
"YOLOv8s","crack-6618_jpg.rf.c9507ea8378c503d6dbb659252e55718.jpg","0","alligator","0.7197761405332648"
"YOLOv8s","crack-661_jpg.rf.bb52a9ac99386dccd4a4d2d7c92e2bfe.jpg","0","alligator","0.8568035143250493"
"YOLOv8s","crack-6621_jpg.rf.4d2a4b9c490a631dd1b665c9f271626f.jpg","0","alligator","0.9122789380965347"
"YOLOv8s","crack-6622_jpg.rf.ddbaa0ad30ee271b7b4db8d0c398ead8.jpg","0","alligator","0.9152153631237069"
"YOLOv8s","crack-6626_jpg.rf.f324e313bada9ce1db099414f892a7f4.jpg","1","block","0.9207380931002366"
"YOLOv8s","crack-6627_jpg.rf.0a8d1d57c516fb8a8442bec5116db1ae.jpg","1","block","0.9079010598780796"
"YOLOv8s","crack-6654_jpg.rf.74bba7dc5d473c3e4f2d69c4a0fa865d.jpg","1","block","0.6264408657612909"
"YOLOv8s","crack-6657_jpg.rf.58ef702ef428b41aa5539481ac8e6699.jpg","1","block","0.9101468061917557"
"YOLOv8s","crack-6705_jpg.rf.430a7c83759360539859451fd5ce4094.jpg","0","alligator","0.9439293761382058"
"YOLOv8s","crack-679_jpg.rf.f7ff6736faba6ee2428f14c732453a11.jpg","5","pothole","0.7129401367697678"
"YOLOv8s","crack-688_jpg.rf.b7707ff36a6a7eaf93a6f039341d3e75.jpg","0","alligator","0.8619992602964014"
"YOLOv8s","crack-697_jpg.rf.2b4c4554c521a61dc61f520805000ee5.jpg","4","longitudinal","0.5092915722449259"
"YOLOv8s","crack-708_jpg.rf.00c916df2a959f46fb6e79d797a1674a.jpg","1","block","0.7328461631935655"
"YOLOv8s","Crack-7215_jpg.rf.4b5ec9b9f83d20ccde7f4a04a58f37a9.jpg","1","block","0.8644658593483671"
"YOLOv8s","Crack-7220_jpg.rf.0bce6f377a0ed60a2b1980c9014adba7.jpg","1","block","0.7860580067372049"
"YOLOv8s","CRACK500_20160222_165402_641_1081_jpg.rf.01d5a5f285e992c4dcfc941b6dbb1021.jpg","2","crack","0.8014688099689667"
"YOLOv8s","CRACK500_20160222_165919_1921_721_jpg.rf.15597860f59ae6ec5a29db12966557d6.jpg","2","crack","0.6026239695962305"
"YOLOv8s","CRACK500_20160222_165919_1_361_jpg.rf.fe1d30f3b1eb3156633b414c6dfc7e8c.jpg","2","crack","0.6233909035397112"
"YOLOv8s","CRACK500_20160222_165937_641_721_jpg.rf.0cdc46bad23b4f75b9307e3f8b06b5ba.jpg","2","crack","0.9173753980911794"
"YOLOv8s","CRACK500_20160222_165947_1921_721_jpg.rf.b16cdd48a92b1dfceb1746554092802c.jpg","2","crack","0.913750274463132"
"YOLOv8s","CRACK500_20160222_165951_1921_1081_jpg.rf.59115c0db9446ac40fc1037622135191.jpg","2","crack","0.7051004375758309"
"YOLOv8s","CRACK500_20160225_114503_641_721_jpg.rf.227e91fe7dafa6192b444f37210eed11.jpg","2","crack","0.8426404293015228"
"YOLOv8s","CRACK500_20160302_155857_1_721_jpg.rf.fa31b5506df290323718b328b0315cf2.jpg","2","crack","0.6695853285955359"
"YOLOv8s","cracking1-299-_jpg.rf.cf0e651aad3b2fb96cc25db73926be25.jpg","0","alligator","0.9505538802798482"
"YOLOv8s","cracking1-299-_jpg.rf.cf0e651aad3b2fb96cc25db73926be25.jpg","6","transverse","0.6845464349638849"
"YOLOv8s","cracking2-127-_jpg.rf.7836f891b40d5407e5f19e76bc430c45.jpg","0","alligator","0.9797722214284832"
"YOLOv8s","cracking2-127-_jpg.rf.7836f891b40d5407e5f19e76bc430c45.jpg","0","alligator","0.9765270623551331"
"YOLOv8s","cracking2-127-_jpg.rf.7836f891b40d5407e5f19e76bc430c45.jpg","5","pothole","0.916911647199405"
"YOLOv8s","cracking2-132-_jpg.rf.c1b4dd78b890a8e270d3bbf6ae841170.jpg","0","alligator","0.809425440282068"
"YOLOv8s","cracking2-138-_jpg.rf.de844db0827480d343d4763190cecec4.jpg","0","alligator","0.7464943059122348"
"YOLOv8s","cracking2-142-_jpg.rf.ec49914c830c58a76e2e769c12e64c88.jpg","0","alligator","0.6579911363059028"
"YOLOv8s","cracking2-146-_jpg.rf.8c1df5878adbfbf7cdd3dfacc487eb08.jpg","0","alligator","0.7614824264892192"
"YOLOv8s","cracking2-172-_jpg.rf.3295e410493e9422402adad9d39a6513.jpg","0","alligator","0.5552997868733315"
"YOLOv8s","cracking2-177-_jpg.rf.913a86bfee32b5287713397ae1885b92.jpg","0","alligator","0.7239422950447257"
"YOLOv8s","cracking2-44-_jpg.rf.936b82cfd804b5b1cabf1697635a5b85.jpg","0","alligator","0.8589570669126254"
"YOLOv8s","cracking2-45-_jpg.rf.50ce892f3722ed75634c98252932698c.jpg","0","alligator","0.8015614658008001"
"YOLOv8s","cracking2-54-_jpg.rf.d22bd0dea7ebb24b7e6cdb4fe22b48fe.jpg","0","alligator","0.7073577961756953"
"YOLOv8s","cracking2-58-_jpg.rf.3d80c845de0c91231dfd955fbe84b628.jpg","0","alligator","0.9849602610775177"
"YOLOv8s","cracking2-58-_jpg.rf.3d80c845de0c91231dfd955fbe84b628.jpg","0","alligator","0.9597305874029161"
"YOLOv8s","cracking2-66-_jpg.rf.b49f42b3e3a39606d185b928f6d62a7c.jpg","5","pothole","0.9029247201301608"
"YOLOv8s","cracking2-66-_jpg.rf.b49f42b3e3a39606d185b928f6d62a7c.jpg","5","pothole","0.9415983384082914"
"YOLOv8s","cracking2-71-_jpg.rf.28f8dcb1aa04931a6a6b38054a77263e.jpg","0","alligator","0.803661050707113"
"YOLOv8s","cracking2-97-_jpg.rf.14df59bd3ef926c272f27c3d87d68ae4.jpg","0","alligator","0.5316739409270749"
"YOLOv8s","cracking2-98-_jpg.rf.6c815667e8a4920a41c9f9f23a7230b9.jpg","0","alligator","0.6765609086786252"
"YOLOv8s","gsv_103_jpg.rf.e22bbcf52bf23aab4af7e5087a192004.jpg","0","alligator","0.9040397583354048"
"YOLOv8s","gsv_103_jpg.rf.e22bbcf52bf23aab4af7e5087a192004.jpg","6","transverse","0.5921927454215614"
"YOLOv8s","gsv_115_jpg.rf.77e7894d129811ed461dec7da49531fa.jpg","5","pothole","0.774968333910023"
"YOLOv8s","gsv_115_jpg.rf.77e7894d129811ed461dec7da49531fa.jpg","6","transverse","0.646989493200227"
"YOLOv8s","gsv_115_jpg.rf.77e7894d129811ed461dec7da49531fa.jpg","4","longitudinal","0.5251330640740085"
"YOLOv8s","gsv_115_jpg.rf.77e7894d129811ed461dec7da49531fa.jpg","4","longitudinal","0.5677694685835075"
"YOLOv8s","gsv_119_jpg.rf.5f0ca01416d722c65e5440e2f64a6c2f.jpg","6","transverse","0.8214450046978657"
"YOLOv8s","gsv_119_jpg.rf.5f0ca01416d722c65e5440e2f64a6c2f.jpg","4","longitudinal","0.8259425279093878"
"YOLOv8s","gsv_119_jpg.rf.5f0ca01416d722c65e5440e2f64a6c2f.jpg","4","longitudinal","0.5127006121580178"
"YOLOv8s","gsv_119_jpg.rf.5f0ca01416d722c65e5440e2f64a6c2f.jpg","4","longitudinal","0.5154441361971365"
"YOLOv8s","gsv_129_jpg.rf.c3f0aec84d57b0f8c5d7b7fcaa4b2695.jpg","5","pothole","0.7947443711779837"
"YOLOv8s","gsv_129_jpg.rf.c3f0aec84d57b0f8c5d7b7fcaa4b2695.jpg","5","pothole","0.8647192877862225"
"YOLOv8s","gsv_129_jpg.rf.c3f0aec84d57b0f8c5d7b7fcaa4b2695.jpg","5","pothole","0.7698396867783152"
"YOLOv8s","gsv_129_jpg.rf.c3f0aec84d57b0f8c5d7b7fcaa4b2695.jpg","4","longitudinal","0.6527492677967021"
"YOLOv8s","gsv_132_jpg.rf.129271256c56b5ea6563dc4e1406e278.jpg","6","transverse","0.8007856691148473"
"YOLOv8s","gsv_135_jpg.rf.dd7a9292e21a6a115ef30524361cdb3e.jpg","6","transverse","0.8527020162056355"
"YOLOv8s","gsv_139_jpg.rf.1636d5bc1763dc1bc7fe099951692814.jpg","4","longitudinal","0.5031545533341603"
"YOLOv8s","gsv_156_jpg.rf.9ff82f7342ef970b760bccbf0de46c79.jpg","6","transverse","0.7508668577382758"
"YOLOv8s","gsv_156_jpg.rf.9ff82f7342ef970b760bccbf0de46c79.jpg","6","transverse","0.6582144333809908"
"YOLOv8s","gsv_168_jpg.rf.d4cec55c075b1eecadc965f5bc48ea0d.jpg","5","pothole","0.9216154270064477"
"YOLOv8s","gsv_168_jpg.rf.d4cec55c075b1eecadc965f5bc48ea0d.jpg","5","pothole","0.6373528565141507"
"YOLOv8s","gsv_168_jpg.rf.d4cec55c075b1eecadc965f5bc48ea0d.jpg","4","longitudinal","0.6133701273121096"
"YOLOv8s","gsv_20_jpg.rf.a36f1a9642d68dfc2b632ae855d50846.jpg","6","transverse","0.8035930690758594"
"YOLOv8s","gsv_20_jpg.rf.a36f1a9642d68dfc2b632ae855d50846.jpg","6","transverse","0.8937285015117363"
"YOLOv8s","gsv_20_jpg.rf.d885f927a6a522f64eea03697f6d5b6e.jpg","6","transverse","0.8397080668904967"
"YOLOv8s","gsv_20_jpg.rf.d885f927a6a522f64eea03697f6d5b6e.jpg","6","transverse","0.8161631890177801"
"YOLOv8s","gsv_226_jpg.rf.c66e8f206fb2036d2bafac283864c874.jpg","5","pothole","0.7116075887976132"
"YOLOv8s","gsv_226_jpg.rf.c66e8f206fb2036d2bafac283864c874.jpg","4","longitudinal","0.5676107082305861"
"YOLOv8s","gsv_226_jpg.rf.c66e8f206fb2036d2bafac283864c874.jpg","6","transverse","0.7069638604691769"
"YOLOv8s","gsv_226_jpg.rf.c66e8f206fb2036d2bafac283864c874.jpg","4","longitudinal","0.8277341413279886"
"YOLOv8s","gsv_226_jpg.rf.c66e8f206fb2036d2bafac283864c874.jpg","0","alligator","0.5991213786186146"
"YOLOv8s","gsv_235_jpg.rf.6d5b1a63b3efb4e782156fcbeb427cad.jpg","6","transverse","0.8969360008614786"
"YOLOv8s","gsv_235_jpg.rf.6d5b1a63b3efb4e782156fcbeb427cad.jpg","4","longitudinal","0.5134369570801649"
"YOLOv8s","gsv_235_jpg.rf.6d5b1a63b3efb4e782156fcbeb427cad.jpg","4","longitudinal","0.7488334870735981"
"YOLOv8s","gsv_249_jpg.rf.51431eab68338558e36cb4bed35a6b7e.jpg","6","transverse","0.8403211594649334"
"YOLOv8s","gsv_249_jpg.rf.51431eab68338558e36cb4bed35a6b7e.jpg","4","longitudinal","0.8672765668003848"
"YOLOv8s","gsv_265_jpg.rf.a0a3aeb2041b476c682973cf4e9f8696.jpg","5","pothole","0.8284063826031036"
"YOLOv8s","gsv_265_jpg.rf.a0a3aeb2041b476c682973cf4e9f8696.jpg","4","longitudinal","0.9185880299100088"
"YOLOv8s","gsv_265_jpg.rf.a0a3aeb2041b476c682973cf4e9f8696.jpg","6","transverse","0.7906002592073246"
"YOLOv8s","gsv_265_jpg.rf.a0a3aeb2041b476c682973cf4e9f8696.jpg","4","longitudinal","0.6475954895644596"
"YOLOv8s","gsv_265_jpg.rf.a0a3aeb2041b476c682973cf4e9f8696.jpg","4","longitudinal","0.9029829714558041"
"YOLOv8s","gsv_265_jpg.rf.a0a3aeb2041b476c682973cf4e9f8696.jpg","4","longitudinal","0.6389833724648007"
"YOLOv8s","gsv_268_jpg.rf.517aa766c360bb1750363289139c2f6a.jpg","5","pothole","0.6148282415689023"
"YOLOv8s","gsv_268_jpg.rf.517aa766c360bb1750363289139c2f6a.jpg","4","longitudinal","0.6682516069690076"
"YOLOv8s","gsv_268_jpg.rf.517aa766c360bb1750363289139c2f6a.jpg","4","longitudinal","0.5453163474949312"
"YOLOv8s","gsv_268_jpg.rf.517aa766c360bb1750363289139c2f6a.jpg","4","longitudinal","0.545731242423743"
"YOLOv8s","gsv_272_jpg.rf.e21756a7be8d89dcb9d68ede75b8b3d0.jpg","5","pothole","0.7884715446385568"
"YOLOv8s","gsv_272_jpg.rf.e21756a7be8d89dcb9d68ede75b8b3d0.jpg","5","pothole","0.7926717513295665"
"YOLOv8s","gsv_272_jpg.rf.e21756a7be8d89dcb9d68ede75b8b3d0.jpg","4","longitudinal","0.8777173587798732"
"YOLOv8s","gsv_272_jpg.rf.e21756a7be8d89dcb9d68ede75b8b3d0.jpg","4","longitudinal","0.8471998692190027"
"YOLOv8s","gsv_272_jpg.rf.e21756a7be8d89dcb9d68ede75b8b3d0.jpg","4","longitudinal","0.5423577690405844"
"YOLOv8s","gsv_289_jpg.rf.cbd0ba0f8ec53612cce640724ff491ed.jpg","4","longitudinal","0.7868382239570397"
"YOLOv8s","gsv_289_jpg.rf.cbd0ba0f8ec53612cce640724ff491ed.jpg","4","longitudinal","0.6996321703637535"
"YOLOv8s","gsv_289_jpg.rf.cbd0ba0f8ec53612cce640724ff491ed.jpg","4","longitudinal","0.6509516865377437"
"YOLOv8s","gsv_292_jpg.rf.476122be46ad4a471454d3258b20b133.jpg","6","transverse","0.8301135834714525"
"YOLOv8s","gsv_305_jpg.rf.d64550e098dd62831f7cf121325fd91f.jpg","6","transverse","0.9084015943438176"
"YOLOv8s","gsv_305_jpg.rf.d64550e098dd62831f7cf121325fd91f.jpg","0","alligator","0.7051597346240278"
"YOLOv8s","gsv_305_jpg.rf.d64550e098dd62831f7cf121325fd91f.jpg","6","transverse","0.8173889113736614"
"YOLOv8s","gsv_328_jpg.rf.90df875bb2be4af4f057628c0e380eb5.jpg","5","pothole","0.7465111303389657"
"YOLOv8s","gsv_328_jpg.rf.90df875bb2be4af4f057628c0e380eb5.jpg","5","pothole","0.7932517685323017"
"YOLOv8s","gsv_328_jpg.rf.90df875bb2be4af4f057628c0e380eb5.jpg","5","pothole","0.8128292219015318"
"YOLOv8s","gsv_328_jpg.rf.90df875bb2be4af4f057628c0e380eb5.jpg","5","pothole","0.7435563168710072"
"YOLOv8s","gsv_328_jpg.rf.90df875bb2be4af4f057628c0e380eb5.jpg","5","pothole","0.797228137394015"
"YOLOv8s","gsv_328_jpg.rf.90df875bb2be4af4f057628c0e380eb5.jpg","4","longitudinal","0.5721924971655161"
"YOLOv8s","gsv_328_jpg.rf.90df875bb2be4af4f057628c0e380eb5.jpg","4","longitudinal","0.5878358297983073"
"YOLOv8s","gsv_328_jpg.rf.90df875bb2be4af4f057628c0e380eb5.jpg","4","longitudinal","0.5979034148321781"
"YOLOv8s","gsv_32_jpg.rf.70f055851581b9f0f5de567b7ab67e9c.jpg","0","alligator","0.6767133296586596"
"YOLOv8s","gsv_32_jpg.rf.70f055851581b9f0f5de567b7ab67e9c.jpg","4","longitudinal","0.8034547842971396"
"YOLOv8s","gsv_47_jpg.rf.4afc3eb78f976414493d734b5631cf75.jpg","0","alligator","0.772564457248922"
"YOLOv8s","gsv_47_jpg.rf.4afc3eb78f976414493d734b5631cf75.jpg","4","longitudinal","0.8265876596994336"
"YOLOv8s","gsv_69_jpg.rf.0d2bafcc50ef1c1e8120aed319d98205.jpg","0","alligator","0.6359550989853963"
"YOLOv8s","gsv_82_jpg.rf.e60833d29ab953ff7334a12172638808.jpg","0","alligator","0.7987592365858154"
"YOLOv8s","gsv_82_jpg.rf.e60833d29ab953ff7334a12172638808.jpg","5","pothole","0.693643226937075"
"YOLOv8s","gsv_82_jpg.rf.e60833d29ab953ff7334a12172638808.jpg","4","longitudinal","0.7966841853805656"
"YOLOv8s","gsv_86_jpg.rf.fba4e2a7a53c8937128104e0d6b67322.jpg","0","alligator","0.5269888833667904"
"YOLOv8s","img-107_jpg.rf.2953ae83120235d2a9420fdcf7f91867.jpg","5","pothole","0.974160514153316"
"YOLOv8s","img-107_jpg.rf.93ee1743d564beec0c3a91c5f9690127.jpg","5","pothole","0.774535718063671"
"YOLOv8s","img-117_jpg.rf.6269c91494c484999b31315c54214203.jpg","5","pothole","0.562875080448046"
"YOLOv8s","img-117_jpg.rf.6269c91494c484999b31315c54214203.jpg","5","pothole","0.7886670325724839"
"YOLOv8s","img-117_jpg.rf.6269c91494c484999b31315c54214203.jpg","5","pothole","0.8586699800308172"
"YOLOv8s","img-117_jpg.rf.6269c91494c484999b31315c54214203.jpg","5","pothole","0.6702311397562832"
"YOLOv8s","img-125_jpg.rf.81536459b2a16f8b67a3645187e9127c.jpg","5","pothole","0.823988166287397"
"YOLOv8s","img-125_jpg.rf.81536459b2a16f8b67a3645187e9127c.jpg","5","pothole","0.7869417327408645"
"YOLOv8s","img-125_jpg.rf.81536459b2a16f8b67a3645187e9127c.jpg","4","longitudinal","0.5699351865981839"
"YOLOv8s","img-125_jpg.rf.81536459b2a16f8b67a3645187e9127c.jpg","6","transverse","0.6472830786782593"
"YOLOv8s","img-140_jpg.rf.2bcacda44a1933136d87a2bc1cb29d76.jpg","5","pothole","0.6886352176316858"
"YOLOv8s","img-140_jpg.rf.2bcacda44a1933136d87a2bc1cb29d76.jpg","5","pothole","0.9067894778040785"
"YOLOv8s","img-141_jpg.rf.6ac649597b4ae6dc1f65a0660701280a.jpg","5","pothole","0.6022720195244083"
"YOLOv8s","img-145_jpg.rf.41487531a4aa84cc4b9add30c5fbe99b.jpg","5","pothole","0.5286765555383769"
"YOLOv8s","img-152_jpg.rf.f0baa68538f344bd5a4b4230ac42bb17.jpg","5","pothole","0.5540334241512817"
"YOLOv8s","img-152_jpg.rf.f0baa68538f344bd5a4b4230ac42bb17.jpg","5","pothole","0.6565505302002986"
"YOLOv8s","img-157_jpg.rf.7f51f5d1474c0024c46df981416244d9.jpg","5","pothole","0.7772328993797628"
"YOLOv8s","img-157_jpg.rf.7f51f5d1474c0024c46df981416244d9.jpg","5","pothole","0.8261345449843761"
"YOLOv8s","img-157_jpg.rf.7f51f5d1474c0024c46df981416244d9.jpg","5","pothole","0.558123187935922"
"YOLOv8s","img-166_jpg.rf.1aaf314f2dec54c676fbf40d2316c36a.jpg","5","pothole","0.6419791968623951"
"YOLOv8s","img-167_jpg.rf.f1171c7c17449718baaefc79cbef5a08.jpg","5","pothole","0.9136138656766236"
"YOLOv8s","img-167_jpg.rf.f1171c7c17449718baaefc79cbef5a08.jpg","5","pothole","0.745963041378755"
"YOLOv8s","img-167_jpg.rf.f1171c7c17449718baaefc79cbef5a08.jpg","4","longitudinal","0.6282748583163736"
"YOLOv8s","img-170_jpg.rf.4017c1a9b24cbd256a2f6f2e3de371a0.jpg","5","pothole","0.7680092899781339"
"YOLOv8s","img-170_jpg.rf.4017c1a9b24cbd256a2f6f2e3de371a0.jpg","5","pothole","0.7882975309842035"
"YOLOv8s","img-170_jpg.rf.4017c1a9b24cbd256a2f6f2e3de371a0.jpg","4","longitudinal","0.7501227882846206"
"YOLOv8s","img-170_jpg.rf.4017c1a9b24cbd256a2f6f2e3de371a0.jpg","6","transverse","0.5553287990858453"
"YOLOv8s","img-172_jpg.rf.ec7860f81e55ccd7d6464f5d4c0e37cd.jpg","5","pothole","0.8347923206417628"
"YOLOv8s","img-172_jpg.rf.ec7860f81e55ccd7d6464f5d4c0e37cd.jpg","5","pothole","0.5107405076888141"
"YOLOv8s","img-177_jpg.rf.7dcc1c3e31088c9eff3a7281c3573a79.jpg","5","pothole","0.8086722532165577"
"YOLOv8s","img-179_jpg.rf.6ee3af5af4bc6881e0ed037a592e65ec.jpg","5","pothole","0.7943748341444425"
"YOLOv8s","img-179_jpg.rf.6ee3af5af4bc6881e0ed037a592e65ec.jpg","5","pothole","0.677148084261394"
"YOLOv8s","img-179_jpg.rf.6ee3af5af4bc6881e0ed037a592e65ec.jpg","5","pothole","0.570581483620197"
"YOLOv8s","img-179_jpg.rf.6ee3af5af4bc6881e0ed037a592e65ec.jpg","5","pothole","0.8759264188646102"
"YOLOv8s","img-185_jpg.rf.4291e8fd1ce3e9e1903ce1040bfe48a8.jpg","5","pothole","0.8573857629436656"
"YOLOv8s","img-195_jpg.rf.8c1deb3f8765c08f2144d52c33e6f69d.jpg","5","pothole","0.8587933711943498"
"YOLOv8s","img-195_jpg.rf.8c1deb3f8765c08f2144d52c33e6f69d.jpg","5","pothole","0.78604950617825"
"YOLOv8s","img-198_jpg.rf.b03d0ed00c336bf124d1ce26eeab7218.jpg","5","pothole","0.6550312868603289"
"YOLOv8s","img-198_jpg.rf.b03d0ed00c336bf124d1ce26eeab7218.jpg","5","pothole","0.8178484598712086"
"YOLOv8s","img-200_jpg.rf.fd8ede8f3529dd78066297690131b66c.jpg","5","pothole","0.7590409655492788"
"YOLOv8s","img-201_jpg.rf.d8dd1e7dee80f17ac5496b29199c473e.jpg","5","pothole","0.8779389872547461"
"YOLOv8s","img-201_jpg.rf.d8dd1e7dee80f17ac5496b29199c473e.jpg","5","pothole","0.9644980280116836"
"YOLOv8s","img-201_jpg.rf.d8dd1e7dee80f17ac5496b29199c473e.jpg","5","pothole","0.7830328248680489"
"YOLOv8s","img-204_jpg.rf.b706eeee898431177039b9e4b98f29df.jpg","5","pothole","0.9231631000238139"
"YOLOv8s","img-204_jpg.rf.b706eeee898431177039b9e4b98f29df.jpg","5","pothole","0.748879928049492"
"YOLOv8s","img-208_jpg.rf.745dfa838f7fbc20e9657c7fa33e3883.jpg","5","pothole","0.9328361667624913"
"YOLOv8s","img-209_jpg.rf.adaeddcc4ea43285fdbd2615685f372c.jpg","5","pothole","0.7707577871963261"
"YOLOv8s","img-209_jpg.rf.adaeddcc4ea43285fdbd2615685f372c.jpg","5","pothole","0.52234184125772"
"YOLOv8s","img-219_jpg.rf.3a1fc70b3ecc74bdb549ba1a82de2412.jpg","5","pothole","0.733276050599685"
"YOLOv8s","img-223_jpg.rf.58dad9f8ea27dadbd68acfed9e7e827e.jpg","5","pothole","0.5052941554394959"
"YOLOv8s","img-235_jpg.rf.37e21cb25b231996b04462ac9349f575.jpg","5","pothole","0.9285997009554339"
"YOLOv8s","img-238_jpg.rf.59bec65867edd6750263a6dbc8e95dd7.jpg","5","pothole","0.9441400421142361"
"YOLOv8s","img-23_jpg.rf.3f89f88c175830959dbcd5ecfcb84487.jpg","5","pothole","0.8229135210678311"
"YOLOv8s","img-23_jpg.rf.3f89f88c175830959dbcd5ecfcb84487.jpg","5","pothole","0.9165519615189693"
"YOLOv8s","img-23_jpg.rf.3f89f88c175830959dbcd5ecfcb84487.jpg","5","pothole","0.8989530149528073"
"YOLOv8s","img-23_jpg.rf.3f89f88c175830959dbcd5ecfcb84487.jpg","5","pothole","0.81794365138433"
"YOLOv8s","img-23_jpg.rf.3f89f88c175830959dbcd5ecfcb84487.jpg","5","pothole","0.8425835807733387"
"YOLOv8s","img-23_jpg.rf.559ba73e0d1412f81453bf6790616706.jpg","5","pothole","0.7845465847643902"
"YOLOv8s","img-23_jpg.rf.559ba73e0d1412f81453bf6790616706.jpg","5","pothole","0.8759190433177676"
"YOLOv8s","img-240_jpg.rf.8f5d7f910930322edea102d0c5835c6f.jpg","5","pothole","0.8485738667546285"
"YOLOv8s","img-240_jpg.rf.8f5d7f910930322edea102d0c5835c6f.jpg","5","pothole","0.8747915821450263"
"YOLOv8s","img-240_jpg.rf.8f5d7f910930322edea102d0c5835c6f.jpg","5","pothole","0.7764093793141683"
"YOLOv8s","img-240_jpg.rf.8f5d7f910930322edea102d0c5835c6f.jpg","5","pothole","0.7213862786365265"
"YOLOv8s","img-248_jpg.rf.dbec86c8c5891992ce249e91171b6f44.jpg","5","pothole","0.9062215498254129"
"YOLOv8s","img-248_jpg.rf.dbec86c8c5891992ce249e91171b6f44.jpg","5","pothole","0.8448068750553416"
"YOLOv8s","img-268_jpg.rf.cc84739c6d73d9d9dece3a8970216158.jpg","5","pothole","0.92089286025014"
"YOLOv8s","img-290_jpg.rf.8a272fdd16c73081bc266facf649b78e.jpg","5","pothole","0.9331932731391651"
"YOLOv8s","img-293_jpg.rf.86a74f8128258bfc67d843a2c63f155b.jpg","5","pothole","0.9125395199052508"
"YOLOv8s","img-293_jpg.rf.86a74f8128258bfc67d843a2c63f155b.jpg","5","pothole","0.7059885646013627"
"YOLOv8s","img-293_jpg.rf.86a74f8128258bfc67d843a2c63f155b.jpg","5","pothole","0.6501883483410875"
"YOLOv8s","img-293_jpg.rf.86a74f8128258bfc67d843a2c63f155b.jpg","5","pothole","0.8128758488192215"
"YOLOv8s","img-294_jpg.rf.135571e9749a15f3aa20d0d43f10935b.jpg","5","pothole","0.7745784574658744"
"YOLOv8s","img-294_jpg.rf.135571e9749a15f3aa20d0d43f10935b.jpg","5","pothole","0.7872151299475266"
"YOLOv8s","img-294_jpg.rf.135571e9749a15f3aa20d0d43f10935b.jpg","6","transverse","0.7898569882224054"
"YOLOv8s","img-294_jpg.rf.135571e9749a15f3aa20d0d43f10935b.jpg","6","transverse","0.7593049903123591"
"YOLOv8s","img-304_jpg.rf.f39ff859b96e3580821f47dc9aff20ca.jpg","5","pothole","0.8455584547079417"
"YOLOv8s","img-304_jpg.rf.f39ff859b96e3580821f47dc9aff20ca.jpg","5","pothole","0.8389508558451102"
"YOLOv8s","img-314_jpg.rf.e9de315405529955a4564f841939487b.jpg","5","pothole","0.9571938173929726"
"YOLOv8s","img-31_jpg.rf.894283cfb4caafaf2fa6c5cbb85d8a7d.jpg","5","pothole","0.7785412118908932"
"YOLOv8s","img-31_jpg.rf.9321509f7a7d4989790b27f2b55a35d0.jpg","5","pothole","0.9420772353166197"
"YOLOv8s","img-31_jpg.rf.9321509f7a7d4989790b27f2b55a35d0.jpg","5","pothole","0.865217624741402"
"YOLOv8s","img-31_jpg.rf.9321509f7a7d4989790b27f2b55a35d0.jpg","5","pothole","0.7084922534544241"
"YOLOv8s","img-31_jpg.rf.9321509f7a7d4989790b27f2b55a35d0.jpg","5","pothole","0.7571123862220818"
"YOLOv8s","img-31_jpg.rf.9321509f7a7d4989790b27f2b55a35d0.jpg","5","pothole","0.9375387544663729"
"YOLOv8s","img-320_jpg.rf.0dee3cbe642cfc15f270b880bf13ebc5.jpg","5","pothole","0.67598492776701"
"YOLOv8s","img-320_jpg.rf.0dee3cbe642cfc15f270b880bf13ebc5.jpg","5","pothole","0.6785373148964792"
"YOLOv8s","img-320_jpg.rf.0dee3cbe642cfc15f270b880bf13ebc5.jpg","5","pothole","0.6627365030439244"
"YOLOv8s","img-333_jpg.rf.d4d6ab107ae6716224b4c5fde0307afe.jpg","5","pothole","0.6941683170005604"
"YOLOv8s","img-336_jpg.rf.08a030eda12227b6400b3bb6baed9121.jpg","5","pothole","0.8602136458175369"
"YOLOv8s","img-336_jpg.rf.08a030eda12227b6400b3bb6baed9121.jpg","5","pothole","0.7797369017460236"
"YOLOv8s","img-336_jpg.rf.08a030eda12227b6400b3bb6baed9121.jpg","5","pothole","0.787167445679607"
"YOLOv8s","img-33_jpg.rf.1c655d4a3ac42c4942bdf7c0ad2e30c2.jpg","5","pothole","0.85748033832114"
"YOLOv8s","img-33_jpg.rf.1c655d4a3ac42c4942bdf7c0ad2e30c2.jpg","5","pothole","0.6768263651778027"
"YOLOv8s","img-342_jpg.rf.7cbda2f2619b9c121f7fdb5e83908b81.jpg","5","pothole","0.9347195405832747"
"YOLOv8s","img-343_jpg.rf.04fa21ac91bbba4ccf344407e4d36c07.jpg","5","pothole","0.9022738376152276"
"YOLOv8s","img-343_jpg.rf.04fa21ac91bbba4ccf344407e4d36c07.jpg","5","pothole","0.7990397194215121"
"YOLOv8s","img-343_jpg.rf.04fa21ac91bbba4ccf344407e4d36c07.jpg","5","pothole","0.7722249595709401"
"YOLOv8s","img-348_jpg.rf.af7a36bc09a4d2b27a261bd37b835ba5.jpg","5","pothole","0.8398322104865368"
"YOLOv8s","img-34_jpg.rf.d5c58c055715c62fa6b7b4de77737256.jpg","5","pothole","0.8700163813258688"
"YOLOv8s","img-355_jpg.rf.d171f948876e41d79113fe221c4e4fde.jpg","5","pothole","0.6508726073786443"
"YOLOv8s","img-357_jpg.rf.cf8e310014deabec3c9e1fdf6bb2b247.jpg","5","pothole","0.6470452664807212"
"YOLOv8s","img-366_jpg.rf.31c34bba9b29281c8cc94806f63a3b9b.jpg","0","alligator","0.895913109286384"
"YOLOv8s","img-366_jpg.rf.31c34bba9b29281c8cc94806f63a3b9b.jpg","5","pothole","0.7701629606950312"
"YOLOv8s","img-366_jpg.rf.31c34bba9b29281c8cc94806f63a3b9b.jpg","5","pothole","0.7881323769902924"
"YOLOv8s","img-366_jpg.rf.31c34bba9b29281c8cc94806f63a3b9b.jpg","5","pothole","0.8482344366105389"
"YOLOv8s","img-36_jpg.rf.5260cd387557c67dd35cde03a7a617ad.jpg","6","transverse","0.9191642387943725"
"YOLOv8s","img-36_jpg.rf.5260cd387557c67dd35cde03a7a617ad.jpg","5","pothole","0.9015592256057678"
"YOLOv8s","img-36_jpg.rf.5260cd387557c67dd35cde03a7a617ad.jpg","0","alligator","0.6658493369920231"
"YOLOv8s","img-36_jpg.rf.5260cd387557c67dd35cde03a7a617ad.jpg","4","longitudinal","0.744231159125498"
"YOLOv8s","img-36_jpg.rf.5260cd387557c67dd35cde03a7a617ad.jpg","4","longitudinal","0.7065497316192451"
"YOLOv8s","img-36_jpg.rf.b22c27a749b7f0d35aa314016234fe9f.jpg","5","pothole","0.7177387103885781"
"YOLOv8s","img-370_jpg.rf.f7d6928324ff08bfa0672f98665375bc.jpg","5","pothole","0.6228212351941971"
"YOLOv8s","img-373_jpg.rf.fda99dee020e2998b4c7325c06ff3452.jpg","5","pothole","0.9214295257781374"
"YOLOv8s","img-382_jpg.rf.9d5bca1c8a49dbdb27d9bd6de2b02631.jpg","5","pothole","0.5539313150530845"
"YOLOv8s","img-393_jpg.rf.a137e78ac9e5df9d6da93b91a58c1b6b.jpg","5","pothole","0.8930036968300802"
"YOLOv8s","img-393_jpg.rf.a137e78ac9e5df9d6da93b91a58c1b6b.jpg","5","pothole","0.7092488343125033"
"YOLOv8s","img-393_jpg.rf.a137e78ac9e5df9d6da93b91a58c1b6b.jpg","5","pothole","0.7231359568171135"
"YOLOv8s","img-393_jpg.rf.a137e78ac9e5df9d6da93b91a58c1b6b.jpg","5","pothole","0.605339497382457"
"YOLOv8s","img-393_jpg.rf.a137e78ac9e5df9d6da93b91a58c1b6b.jpg","5","pothole","0.7592569437652213"
"YOLOv8s","img-3_jpg.rf.d176cae89b336f981970990683fbe988.jpg","5","pothole","0.7447166590273935"
"YOLOv8s","img-403_jpg.rf.e9da0d6b9b59585294a5de741203d8ef.jpg","5","pothole","0.9462287452115347"
"YOLOv8s","img-413_jpg.rf.6519108f40f91c83db45c19f1efda787.jpg","5","pothole","0.6293606169808458"
"YOLOv8s","img-415_jpg.rf.d6c996fde0a91c2282b284c52f2bdbc2.jpg","5","pothole","0.8448028611261237"
"YOLOv8s","img-415_jpg.rf.d6c996fde0a91c2282b284c52f2bdbc2.jpg","5","pothole","0.8052329290321545"
"YOLOv8s","img-422_jpg.rf.98794bc63be95a469f755f7fcac19445.jpg","5","pothole","0.7148944958864742"
"YOLOv8s","img-425_jpg.rf.e7599638dab85f2507055b94c598a26f.jpg","5","pothole","0.7915136185962005"
"YOLOv8s","img-425_jpg.rf.e7599638dab85f2507055b94c598a26f.jpg","5","pothole","0.6830203327934812"
"YOLOv8s","img-427_jpg.rf.e6c8d05c2b4c1fd01019e90379cb585d.jpg","5","pothole","0.92458710995196"
"YOLOv8s","img-430_jpg.rf.4bf653d276db598cb2560ae456e8170f.jpg","5","pothole","0.8650299450663705"
"YOLOv8s","img-430_jpg.rf.4bf653d276db598cb2560ae456e8170f.jpg","5","pothole","0.8119514055905255"
"YOLOv8s","img-430_jpg.rf.4bf653d276db598cb2560ae456e8170f.jpg","5","pothole","0.7684077705985422"
"YOLOv8s","img-434_jpg.rf.abe7336fb2be82bcefc2cceb65690722.jpg","5","pothole","0.8403367139132127"
"YOLOv8s","img-43_jpg.rf.da5e83b3c8c75b591723e2de701fecb0.jpg","5","pothole","0.7648461896781524"
"YOLOv8s","img-43_jpg.rf.da5e83b3c8c75b591723e2de701fecb0.jpg","5","pothole","0.5396984046782323"
"YOLOv8s","img-441_jpg.rf.81133a2e61364b5ed1c3d28dd2060af6.jpg","5","pothole","0.8565641221146872"
"YOLOv8s","img-441_jpg.rf.81133a2e61364b5ed1c3d28dd2060af6.jpg","5","pothole","0.655967912999244"
"YOLOv8s","img-449_jpg.rf.a09e8dea41e989ae60e850d2f499c0e9.jpg","5","pothole","0.8259623312371869"
"YOLOv8s","img-449_jpg.rf.a09e8dea41e989ae60e850d2f499c0e9.jpg","5","pothole","0.8330169570437975"
"YOLOv8s","img-449_jpg.rf.a09e8dea41e989ae60e850d2f499c0e9.jpg","5","pothole","0.9259869003731173"
"YOLOv8s","img-450_jpg.rf.3202c8922b7326ca7b65c9c775a0e979.jpg","5","pothole","0.8611271966368869"
"YOLOv8s","img-454_jpg.rf.47bb31abf8bc86af74fa9446688ba25e.jpg","5","pothole","0.8668761424331958"
"YOLOv8s","img-454_jpg.rf.47bb31abf8bc86af74fa9446688ba25e.jpg","5","pothole","0.6306141110282503"
"YOLOv8s","img-454_jpg.rf.47bb31abf8bc86af74fa9446688ba25e.jpg","5","pothole","0.642699501781159"
"YOLOv8s","img-455_jpg.rf.b9f51b549812b1afbf37f06eccb6d080.jpg","5","pothole","0.7956637997873044"
"YOLOv8s","img-459_jpg.rf.f433e9e0833571c4732c739ae656a7dd.jpg","5","pothole","0.8929781181734893"
"YOLOv8s","img-459_jpg.rf.f433e9e0833571c4732c739ae656a7dd.jpg","5","pothole","0.7985631463931886"
"YOLOv8s","img-45_jpg.rf.6579b23a47ce605e5062ba96cae8bee6.jpg","5","pothole","0.7236193165278645"
"YOLOv8s","img-469_jpg.rf.2fc996205c70cc44cd7d9aab9315dab7.jpg","5","pothole","0.5849757285896054"
"YOLOv8s","img-479_jpg.rf.dcd6e927db83ca6cd68ce4f3e2e89024.jpg","5","pothole","0.8631342285720844"
"YOLOv8s","img-480_jpg.rf.932fc7b4c582e523e484f5a02b683ab1.jpg","5","pothole","0.7980633156717317"
"YOLOv8s","img-480_jpg.rf.932fc7b4c582e523e484f5a02b683ab1.jpg","5","pothole","0.8352772359473747"
"YOLOv8s","img-480_jpg.rf.932fc7b4c582e523e484f5a02b683ab1.jpg","5","pothole","0.5061729668430351"
"YOLOv8s","img-480_jpg.rf.932fc7b4c582e523e484f5a02b683ab1.jpg","5","pothole","0.7751147742310832"
"YOLOv8s","img-481_jpg.rf.427973401bc1f9871f42f4133ee802b9.jpg","5","pothole","0.7876359305556054"
"YOLOv8s","img-489_jpg.rf.148582448a4c4cc0af8e287895c1fe98.jpg","5","pothole","0.6512803606671548"
"YOLOv8s","img-491_jpg.rf.eb642f5cdf81b6b8885436a25cd7741c.jpg","5","pothole","0.8120618066713532"
"YOLOv8s","img-491_jpg.rf.eb642f5cdf81b6b8885436a25cd7741c.jpg","5","pothole","0.9066516919287304"
"YOLOv8s","img-4_jpg.rf.6e84522b73717f90ef289c7b0d25f9ab.jpg","5","pothole","0.8772953065172836"
"YOLOv8s","img-506_jpg.rf.89e4ab3800247bb1886030bb0b4a253f.jpg","5","pothole","0.8640404825838315"
"YOLOv8s","img-507_jpg.rf.a6e0d5faec6f1d9c8fc81b0aceb26567.jpg","5","pothole","0.8465866748232483"
"YOLOv8s","img-507_jpg.rf.a6e0d5faec6f1d9c8fc81b0aceb26567.jpg","5","pothole","0.8240949015754933"
"YOLOv8s","img-507_jpg.rf.a6e0d5faec6f1d9c8fc81b0aceb26567.jpg","5","pothole","0.8259206860430617"
"YOLOv8s","img-507_jpg.rf.a6e0d5faec6f1d9c8fc81b0aceb26567.jpg","5","pothole","0.8783728613546177"
"YOLOv8s","img-507_jpg.rf.a6e0d5faec6f1d9c8fc81b0aceb26567.jpg","5","pothole","0.8905093847935528"
"YOLOv8s","img-507_jpg.rf.a6e0d5faec6f1d9c8fc81b0aceb26567.jpg","5","pothole","0.6944813829707386"
"YOLOv8s","img-526_jpg.rf.801c1a2913edb247e4691aaa9d410ea4.jpg","5","pothole","0.8243394899367614"
"YOLOv8s","img-526_jpg.rf.801c1a2913edb247e4691aaa9d410ea4.jpg","5","pothole","0.8446383420682361"
"YOLOv8s","img-526_jpg.rf.801c1a2913edb247e4691aaa9d410ea4.jpg","5","pothole","0.5791669618333817"
"YOLOv8s","img-544_jpg.rf.a870d2242704f4ba63b99c4625b6fcad.jpg","0","alligator","0.85812579132643"
"YOLOv8s","img-547_jpg.rf.5350d62179c78360d155aa0d00882b79.jpg","5","pothole","0.9380281575718944"
"YOLOv8s","img-547_jpg.rf.5350d62179c78360d155aa0d00882b79.jpg","5","pothole","0.7905713702671594"
"YOLOv8s","img-547_jpg.rf.5350d62179c78360d155aa0d00882b79.jpg","5","pothole","0.8344753915869373"
"YOLOv8s","img-547_jpg.rf.5a5211448e8478130e776c747a119432.jpg","5","pothole","0.9678140989726125"
"YOLOv8s","img-547_jpg.rf.5a5211448e8478130e776c747a119432.jpg","5","pothole","0.7980859252985438"
"YOLOv8s","img-547_jpg.rf.5a5211448e8478130e776c747a119432.jpg","5","pothole","0.853926556733495"
"YOLOv8s","img-549_jpg.rf.d1674c26425b135117d2a2287028fa27.jpg","5","pothole","0.7958812166668645"
"YOLOv8s","img-549_jpg.rf.d1674c26425b135117d2a2287028fa27.jpg","5","pothole","0.8318303252790744"
"YOLOv8s","img-551_jpg.rf.5e51a495f1a3b06f21107a611717a153.jpg","5","pothole","0.7934661992282953"
"YOLOv8s","img-551_jpg.rf.5e51a495f1a3b06f21107a611717a153.jpg","5","pothole","0.6427930563153889"
"YOLOv8s","img-551_jpg.rf.5e51a495f1a3b06f21107a611717a153.jpg","5","pothole","0.7024419263557561"
"YOLOv8s","img-551_jpg.rf.5e51a495f1a3b06f21107a611717a153.jpg","5","pothole","0.8560913890085174"
"YOLOv8s","img-551_jpg.rf.5e51a495f1a3b06f21107a611717a153.jpg","5","pothole","0.6563832720270685"
"YOLOv8s","img-554_jpg.rf.6435ad1bec426064cf94bceafa8ad434.jpg","5","pothole","0.8178927541104181"
"YOLOv8s","img-554_jpg.rf.6435ad1bec426064cf94bceafa8ad434.jpg","5","pothole","0.9155335258847345"
"YOLOv8s","img-554_jpg.rf.6435ad1bec426064cf94bceafa8ad434.jpg","5","pothole","0.7204411309772715"
"YOLOv8s","img-554_jpg.rf.6435ad1bec426064cf94bceafa8ad434.jpg","5","pothole","0.8176393451241544"
"YOLOv8s","img-554_jpg.rf.6435ad1bec426064cf94bceafa8ad434.jpg","5","pothole","0.8266178788707105"
"YOLOv8s","img-554_jpg.rf.6435ad1bec426064cf94bceafa8ad434.jpg","5","pothole","0.862411241235718"
"YOLOv8s","img-559_jpg.rf.5257a03411289cabf037d900d6346117.jpg","5","pothole","0.7910123004257986"
"YOLOv8s","img-563_jpg.rf.a352b63dc3408dfbd72e3d86d74d95c1.jpg","5","pothole","0.8132011264097458"
"YOLOv8s","img-563_jpg.rf.a352b63dc3408dfbd72e3d86d74d95c1.jpg","5","pothole","0.7866521833696619"
"YOLOv8s","img-565_jpg.rf.62355760b9c63c0714e85afe21e5ae50.jpg","5","pothole","0.7024108261831781"
"YOLOv8s","img-568_jpg.rf.89150d5dc4b055275d0f7065411340ed.jpg","5","pothole","0.797438374130137"
"YOLOv8s","img-56_jpg.rf.6e80fa633f36e78c0c3b5b11c69a6e00.jpg","5","pothole","0.9028233869900711"
"YOLOv8s","img-570_jpg.rf.7002aacba651827e4a4417144a4b4404.jpg","5","pothole","0.7683936701916046"
"YOLOv8s","img-570_jpg.rf.7002aacba651827e4a4417144a4b4404.jpg","5","pothole","0.7567219588392261"
"YOLOv8s","img-570_jpg.rf.7002aacba651827e4a4417144a4b4404.jpg","5","pothole","0.793242357220143"
"YOLOv8s","img-576_jpg.rf.2747ce5b5e7f06fa93c5121babf64103.jpg","5","pothole","0.7975787855486935"
"YOLOv8s","img-57_jpg.rf.64c7e1650943e04decbd8777579c06f8.jpg","5","pothole","0.9237520007653279"
"YOLOv8s","img-580_jpg.rf.ad0585d64be69b51313163695a44d89f.jpg","5","pothole","0.8305495825163167"
"YOLOv8s","img-580_jpg.rf.ad0585d64be69b51313163695a44d89f.jpg","5","pothole","0.7157747223688695"
"YOLOv8s","img-584_jpg.rf.9f486887b090e317077b16f35b79c010.jpg","5","pothole","0.8534466174875841"
"YOLOv8s","img-584_jpg.rf.9f486887b090e317077b16f35b79c010.jpg","5","pothole","0.5504655162600055"
"YOLOv8s","img-586_jpg.rf.17ba9b4a954dcddb415bafa1f6dff565.jpg","5","pothole","0.8621287851373592"
"YOLOv8s","img-586_jpg.rf.ea78642a5a4da7ee46c28eff6b4eb4a9.jpg","5","pothole","0.8335257728457145"
"YOLOv8s","img-588_jpg.rf.cec0bf19e2da03be43fc6191d8e07ff2.jpg","5","pothole","0.6802100920471668"
"YOLOv8s","img-598_jpg.rf.793695580b6f1606fcfba9df1b35b1f8.jpg","5","pothole","0.8141185390546611"
"YOLOv8s","img-598_jpg.rf.793695580b6f1606fcfba9df1b35b1f8.jpg","5","pothole","0.6438379063071505"
"YOLOv8s","img-598_jpg.rf.793695580b6f1606fcfba9df1b35b1f8.jpg","5","pothole","0.9262891541542603"
"YOLOv8s","img-59_jpg.rf.e1c6f3fe91d04912fd422cb1d08b66c3.jpg","5","pothole","0.5992190258511795"
"YOLOv8s","img-59_jpg.rf.e1c6f3fe91d04912fd422cb1d08b66c3.jpg","5","pothole","0.9295848142874222"
"YOLOv8s","img-606_jpg.rf.efa1f5eaa85aeb56a80e91a604d0d9fe.jpg","5","pothole","0.8969169687101474"
"YOLOv8s","img-607_jpg.rf.6e619fbe565b2bc80ca6531cc0518027.jpg","5","pothole","0.8731059210422871"
"YOLOv8s","img-609_jpg.rf.feb2ba7c19e47d45190d3e9fb89485c5.jpg","5","pothole","0.8236326175311426"
"YOLOv8s","img-609_jpg.rf.feb2ba7c19e47d45190d3e9fb89485c5.jpg","5","pothole","0.9154111446170542"
"YOLOv8s","img-609_jpg.rf.feb2ba7c19e47d45190d3e9fb89485c5.jpg","5","pothole","0.6290638588403348"
"YOLOv8s","img-60_jpg.rf.7d7614d3e1b94090c0fae1bcf8f497f1.jpg","5","pothole","0.5076492183870679"
"YOLOv8s","img-610_jpg.rf.079150c84f16c4c368b3f6be6bce1698.jpg","5","pothole","0.6308534363594461"
"YOLOv8s","img-610_jpg.rf.079150c84f16c4c368b3f6be6bce1698.jpg","5","pothole","0.5936859025841911"
"YOLOv8s","img-610_jpg.rf.a797d90e0b08b12325d26c3126489c1e.jpg","5","pothole","0.863700694424615"
"YOLOv8s","img-610_jpg.rf.a797d90e0b08b12325d26c3126489c1e.jpg","5","pothole","0.7840337437355535"
"YOLOv8s","img-610_jpg.rf.a797d90e0b08b12325d26c3126489c1e.jpg","5","pothole","0.7092877636749002"
"YOLOv8s","img-612_jpg.rf.4bf6b99cda48b9c1465c435951663de4.jpg","5","pothole","0.8411042151259153"
"YOLOv8s","img-612_jpg.rf.4bf6b99cda48b9c1465c435951663de4.jpg","5","pothole","0.5639216957998164"
"YOLOv8s","img-612_jpg.rf.4bf6b99cda48b9c1465c435951663de4.jpg","5","pothole","0.7034755100379172"
"YOLOv8s","img-613_jpg.rf.71fb8f5731efed46f34928063f3d4b0c.jpg","5","pothole","0.7019159880779621"
"YOLOv8s","img-613_jpg.rf.da0341bbe9bae29f63ae42a9b0f0fa1a.jpg","5","pothole","0.9198078018068602"
"YOLOv8s","img-613_jpg.rf.da0341bbe9bae29f63ae42a9b0f0fa1a.jpg","5","pothole","0.8263729115221867"
"YOLOv8s","img-627_jpg.rf.ecd44d92344a29fe50ed1e54ca6d66d6.jpg","5","pothole","0.8052055210962804"
"YOLOv8s","img-627_jpg.rf.ecd44d92344a29fe50ed1e54ca6d66d6.jpg","5","pothole","0.6081772821049751"
"YOLOv8s","img-628_jpg.rf.a962f852e8081aa25241b11d861c7ff8.jpg","5","pothole","0.955349422492566"
"YOLOv8s","img-631_jpg.rf.f48aec3ab5c778bf0ed98747a9bc8c3b.jpg","5","pothole","0.7663362967512034"
"YOLOv8s","img-631_jpg.rf.f48aec3ab5c778bf0ed98747a9bc8c3b.jpg","5","pothole","0.8890825610737477"
"YOLOv8s","img-631_jpg.rf.f48aec3ab5c778bf0ed98747a9bc8c3b.jpg","5","pothole","0.7775595628968212"
"YOLOv8s","img-633_jpg.rf.d09680fa4bf5becb023f411187e638dc.jpg","5","pothole","0.8943020185943644"
"YOLOv8s","img-634_jpg.rf.d80039254e21dcb78696ae1bf00302d9.jpg","5","pothole","0.7078779236449283"
"YOLOv8s","img-634_jpg.rf.d80039254e21dcb78696ae1bf00302d9.jpg","5","pothole","0.7646563820715596"
"YOLOv8s","img-634_jpg.rf.d80039254e21dcb78696ae1bf00302d9.jpg","5","pothole","0.5099109471954599"
"YOLOv8s","img-634_jpg.rf.d80039254e21dcb78696ae1bf00302d9.jpg","5","pothole","0.6347908277439005"
"YOLOv8s","img-634_jpg.rf.d80039254e21dcb78696ae1bf00302d9.jpg","5","pothole","0.6362335901188594"
"YOLOv8s","img-634_jpg.rf.d80039254e21dcb78696ae1bf00302d9.jpg","5","pothole","0.8951755895598927"
"YOLOv8s","img-634_jpg.rf.d80039254e21dcb78696ae1bf00302d9.jpg","5","pothole","0.8508523061860894"
"YOLOv8s","img-635_jpg.rf.59a43a03dc9e1340abebe00d2b555b30.jpg","5","pothole","0.8618209583071783"
"YOLOv8s","img-635_jpg.rf.b6bf6a0143dd0a0fc07362402a9ed39b.jpg","5","pothole","0.8554507116607349"
"YOLOv8s","img-636_jpg.rf.2ec71188ce681cf486053da6ca53cd0a.jpg","5","pothole","0.7761890211959912"
"YOLOv8s","img-636_jpg.rf.2ec71188ce681cf486053da6ca53cd0a.jpg","5","pothole","0.7320561780146877"
"YOLOv8s","img-636_jpg.rf.2ec71188ce681cf486053da6ca53cd0a.jpg","5","pothole","0.8589780506320057"
"YOLOv8s","img-636_jpg.rf.2ec71188ce681cf486053da6ca53cd0a.jpg","5","pothole","0.7970053359508773"
"YOLOv8s","img-636_jpg.rf.2ec71188ce681cf486053da6ca53cd0a.jpg","5","pothole","0.7409617520066961"
"YOLOv8s","img-637_jpg.rf.32b6ad8f9d1ce1ca07e57c79a6a57a5e.jpg","5","pothole","0.7320550001015856"
"YOLOv8s","img-637_jpg.rf.32b6ad8f9d1ce1ca07e57c79a6a57a5e.jpg","5","pothole","0.8558092271925773"
"YOLOv8s","img-637_jpg.rf.b91445a6b0bed36dd2ff211ef3793a66.jpg","5","pothole","0.7243746147256698"
"YOLOv8s","img-637_jpg.rf.b91445a6b0bed36dd2ff211ef3793a66.jpg","5","pothole","0.630596306686598"
"YOLOv8s","img-638_jpg.rf.cc7197d7390d96a547949e05f5b5567f.jpg","5","pothole","0.6962443515584259"
"YOLOv8s","img-639_jpg.rf.e65296945d42afb3898b7bfee3d6cbff.jpg","5","pothole","0.8261080168300728"
"YOLOv8s","img-63_jpg.rf.820ad95d263c88ae8774b390b72109b1.jpg","5","pothole","0.8894143040897"
"YOLOv8s","img-63_jpg.rf.8734e7488ef4393b3fd0b88ff2b0b445.jpg","5","pothole","0.8908750963935931"
"YOLOv8s","img-640_jpg.rf.3e5aaccf91bb866423d9bf1a457c68e8.jpg","5","pothole","0.6807842563136858"
"YOLOv8s","img-640_jpg.rf.f345791f92b6a4435618583c87f3bbf5.jpg","5","pothole","0.6991892674916635"
"YOLOv8s","img-641_jpg.rf.6547374d6759bee5ba8d1db6c77ecce4.jpg","5","pothole","0.9141183502336268"
"YOLOv8s","img-642_jpg.rf.6aaefe433fcf9cc15d208da4f18f98ae.jpg","5","pothole","0.920989218216892"
"YOLOv8s","img-642_jpg.rf.6aaefe433fcf9cc15d208da4f18f98ae.jpg","5","pothole","0.8038778176939357"
"YOLOv8s","img-642_jpg.rf.6aaefe433fcf9cc15d208da4f18f98ae.jpg","5","pothole","0.8244972543571866"
"YOLOv8s","img-642_jpg.rf.8ae21abda9c7fa0f33d18b32d7a9394f.jpg","5","pothole","0.9150808680604872"
"YOLOv8s","img-642_jpg.rf.8ae21abda9c7fa0f33d18b32d7a9394f.jpg","5","pothole","0.7846072427235143"
"YOLOv8s","img-642_jpg.rf.8ae21abda9c7fa0f33d18b32d7a9394f.jpg","5","pothole","0.8252300218290135"
"YOLOv8s","img-643_jpg.rf.05607f02d23c47ea03de031e12c3451b.jpg","5","pothole","0.8000602975636334"
"YOLOv8s","img-644_jpg.rf.3a9b9b6dd369c5ecbd59160b17666c25.jpg","5","pothole","0.8618297567687249"
"YOLOv8s","img-644_jpg.rf.3a9b9b6dd369c5ecbd59160b17666c25.jpg","5","pothole","0.7052550469250193"
"YOLOv8s","img-644_jpg.rf.3a9b9b6dd369c5ecbd59160b17666c25.jpg","5","pothole","0.8466486024877163"
"YOLOv8s","img-646_jpg.rf.75843c2e2cbed3667e05947cd5a15d0e.jpg","5","pothole","0.6999761762533215"
"YOLOv8s","img-647_jpg.rf.d21ed2437becacc97feaf6a7c8575628.jpg","5","pothole","0.8510683050893457"
"YOLOv8s","img-648_jpg.rf.3631e8d9848b330917e95ddcaa67c267.jpg","5","pothole","0.7720089290506689"
"YOLOv8s","img-648_jpg.rf.3631e8d9848b330917e95ddcaa67c267.jpg","5","pothole","0.601713840907888"
"YOLOv8s","img-648_jpg.rf.3631e8d9848b330917e95ddcaa67c267.jpg","5","pothole","0.7042712431311445"
"YOLOv8s","img-648_jpg.rf.3631e8d9848b330917e95ddcaa67c267.jpg","5","pothole","0.7740371088290096"
"YOLOv8s","img-648_jpg.rf.3631e8d9848b330917e95ddcaa67c267.jpg","5","pothole","0.6159251998010415"
"YOLOv8s","img-648_jpg.rf.3631e8d9848b330917e95ddcaa67c267.jpg","5","pothole","0.6133700220308227"
"YOLOv8s","img-648_jpg.rf.3631e8d9848b330917e95ddcaa67c267.jpg","5","pothole","0.7450272042722541"
"YOLOv8s","img-648_jpg.rf.3631e8d9848b330917e95ddcaa67c267.jpg","5","pothole","0.8146092763857705"
"YOLOv8s","img-649_jpg.rf.b73ab297c7f948d177a53292a31890ad.jpg","5","pothole","0.8575435390008385"
"YOLOv8s","img-649_jpg.rf.d67279c824ddcec3704805a37db02de2.jpg","5","pothole","0.8311429601053759"
"YOLOv8s","img-64_jpg.rf.59601a046a4b610554f35a4ae388fc1f.jpg","5","pothole","0.831897140212371"
"YOLOv8s","img-650_jpg.rf.97573c36ba65f9a5458959aa0717171f.jpg","5","pothole","0.8248057080441098"
"YOLOv8s","img-650_jpg.rf.97573c36ba65f9a5458959aa0717171f.jpg","5","pothole","0.8365847082795238"
"YOLOv8s","img-653_jpg.rf.e5eaa3d434ceb35442d58f89159d8fe4.jpg","5","pothole","0.7816745527763186"
"YOLOv8s","img-654_jpg.rf.75b8870a0f0a431f505101fdf6b521ae.jpg","5","pothole","0.8678954497001188"
"YOLOv8s","img-655_jpg.rf.2c14708905f5c04a02b5b4ed1e371b16.jpg","5","pothole","0.9149464688070689"
"YOLOv8s","img-655_jpg.rf.2c14708905f5c04a02b5b4ed1e371b16.jpg","5","pothole","0.9091348927149931"
"YOLOv8s","img-655_jpg.rf.2c14708905f5c04a02b5b4ed1e371b16.jpg","5","pothole","0.8758450232060707"
"YOLOv8s","img-655_jpg.rf.2c14708905f5c04a02b5b4ed1e371b16.jpg","5","pothole","0.7970406967405852"
"YOLOv8s","img-655_jpg.rf.2c14708905f5c04a02b5b4ed1e371b16.jpg","5","pothole","0.8795718108294573"
"YOLOv8s","img-655_jpg.rf.2c14708905f5c04a02b5b4ed1e371b16.jpg","5","pothole","0.844170982894696"
"YOLOv8s","img-655_jpg.rf.2c14708905f5c04a02b5b4ed1e371b16.jpg","5","pothole","0.5802043299183597"
"YOLOv8s","img-655_jpg.rf.e2b7306d6aec0c5cc191e1c121480dee.jpg","5","pothole","0.9484732894585682"
"YOLOv8s","img-655_jpg.rf.e2b7306d6aec0c5cc191e1c121480dee.jpg","5","pothole","0.808081407085434"
"YOLOv8s","img-655_jpg.rf.e2b7306d6aec0c5cc191e1c121480dee.jpg","5","pothole","0.9690661145864258"
"YOLOv8s","img-655_jpg.rf.e2b7306d6aec0c5cc191e1c121480dee.jpg","5","pothole","0.8637059620015665"
"YOLOv8s","img-656_jpg.rf.e1ac8170fdbf86eab254a2769cff58de.jpg","5","pothole","0.8919109044255159"
"YOLOv8s","img-657_jpg.rf.0047bb625f2fafda46b603aa46b45494.jpg","5","pothole","0.9498713758218177"
"YOLOv8s","img-657_jpg.rf.0047bb625f2fafda46b603aa46b45494.jpg","5","pothole","0.6362496263751992"
"YOLOv8s","img-657_jpg.rf.0047bb625f2fafda46b603aa46b45494.jpg","4","longitudinal","0.6296736227667848"
"YOLOv8s","img-657_jpg.rf.0047bb625f2fafda46b603aa46b45494.jpg","4","longitudinal","0.7013467732326065"
"YOLOv8s","img-657_jpg.rf.0047bb625f2fafda46b603aa46b45494.jpg","4","longitudinal","0.6058370996826332"
"YOLOv8s","img-658_jpg.rf.04d94107922407ad3e4622d1b898a388.jpg","5","pothole","0.8745546753762103"
"YOLOv8s","img-658_jpg.rf.04d94107922407ad3e4622d1b898a388.jpg","5","pothole","0.8505182218401246"
"YOLOv8s","img-658_jpg.rf.04d94107922407ad3e4622d1b898a388.jpg","5","pothole","0.796122164369585"
"YOLOv8s","img-659_jpg.rf.f350affe145e060283f4abef535badf4.jpg","5","pothole","0.8306297775921334"
"YOLOv8s","img-661_jpg.rf.16232359d3b3d0d3600e52c972c5a28c.jpg","5","pothole","0.9440389924927641"
"YOLOv8s","img-662_jpg.rf.605c50ec38bcf903dec2995ce1be04ab.jpg","5","pothole","0.8951023261582246"
"YOLOv8s","img-662_jpg.rf.605c50ec38bcf903dec2995ce1be04ab.jpg","5","pothole","0.6491935244882742"
"YOLOv8s","img-662_jpg.rf.605c50ec38bcf903dec2995ce1be04ab.jpg","5","pothole","0.8273220634247892"
"YOLOv8s","img-662_jpg.rf.605c50ec38bcf903dec2995ce1be04ab.jpg","5","pothole","0.8106450696735318"
"YOLOv8s","img-664_jpg.rf.b23c112211c38118c2dd6242d0d5d2ab.jpg","5","pothole","0.8368463984895924"
"YOLOv8s","img-665_jpg.rf.084fe1ce8d357a4fd3e6cd079683c5c5.jpg","5","pothole","0.8678955497756391"
"YOLOv8s","img-6_jpg.rf.28ffb9bc246b2677e9ee26f4a9b10cf3.jpg","5","pothole","0.8918259650200592"
"YOLOv8s","img-6_jpg.rf.28ffb9bc246b2677e9ee26f4a9b10cf3.jpg","5","pothole","0.8381644957237356"
"YOLOv8s","img-79_jpg.rf.7804f248ea3f3d45cd569fd8ca5d39e8.jpg","5","pothole","0.8779988979072604"
"YOLOv8s","img-7_jpg.rf.f34a85fef09a9676de97053ac430286b.jpg","5","pothole","0.7857082843379186"
"YOLOv8s","img-89_jpg.rf.3812448ce67a44b7bc3bc1fc7b61b795.jpg","5","pothole","0.8785888059999726"
"YOLOv8s","img-89_jpg.rf.3812448ce67a44b7bc3bc1fc7b61b795.jpg","5","pothole","0.6014757897550845"
"YOLOv8s","img-89_jpg.rf.ac7ef5d103aab46421fc1813da7f0759.jpg","5","pothole","0.734933643475235"
"YOLOv8s","img-90_jpg.rf.d2a1805083f572546f26838d9503d565.jpg","5","pothole","0.6718902093707969"
"YOLOv8s","img-92_jpg.rf.4bdd9cae080dff1bd2beb8290fdf7c2c.jpg","5","pothole","0.8312141493292758"
"YOLOv8s","img-97_jpg.rf.72d2c8b9af9a0557d61a3f950442ef9e.jpg","5","pothole","0.849891082048279"
"YOLOv8s","img-97_jpg.rf.72d2c8b9af9a0557d61a3f950442ef9e.jpg","5","pothole","0.5538283643174687"
"YOLOv8s","img-97_jpg.rf.72d2c8b9af9a0557d61a3f950442ef9e.jpg","5","pothole","0.7728434697436865"
"YOLOv8s","lo1148_jpg.rf.0d6abb46fcadfc35f2542a6048fc20d9.jpg","4","longitudinal","0.5457617594621652"
"YOLOv8s","lo1851_jpg.rf.5e5a10f6109c0f028c69c0cce4e683af.jpg","0","alligator","0.7005914552122131"
"YOLOv8s","pa050_jpg.rf.1501a8e557248262cdf09d1a6ead7f14.jpg","5","pothole","0.9183222719334064"
"YOLOv8s","pa057_jpg.rf.684d8d558443987a44b3d999a692409a.jpg","5","pothole","0.706790816648926"
"YOLOv8s","pa072_jpg.rf.049a1e4f7a983d2d8782563812c4ad95.jpg","5","pothole","0.7108165221012686"
"YOLOv8s","pa1003_jpg.rf.3110f460910e4fef90fab2cd1f23d402.jpg","5","pothole","0.7404458785803926"
"YOLOv8s","pa1013_jpg.rf.6e2465d3ee526563a2bddab75fd0fe33.jpg","5","pothole","0.6456651163353888"
"YOLOv8s","pa1024_jpg.rf.ecca05c5bc15c87756c8ee93fc6b5fc5.jpg","5","pothole","0.8530436948158073"
"YOLOv8s","pa1025_jpg.rf.35c93167e62fbc15c1c91b1dcf8a1496.jpg","5","pothole","0.8403010215161114"
"YOLOv8s","pa1050_jpg.rf.33a46950e52306f1650c8ca124e44ce4.jpg","5","pothole","0.577899848223267"
"YOLOv8s","pa1050_jpg.rf.33a46950e52306f1650c8ca124e44ce4.jpg","5","pothole","0.9020890383780186"
"YOLOv8s","pa1062_jpg.rf.cebbd50c0f4409d8a5a8a65fac325e8e.jpg","5","pothole","0.8467976606665869"
"YOLOv8s","pa1076_jpg.rf.0d59c10cfe5a36f77f1105a6debc1ffe.jpg","5","pothole","0.5551439147583263"
"YOLOv8s","pa1076_jpg.rf.0d59c10cfe5a36f77f1105a6debc1ffe.jpg","5","pothole","0.5704370815745464"
"YOLOv8s","pa1077_jpg.rf.6972e8186f1577588969f37c414afa8b.jpg","5","pothole","0.8480486532982843"
"YOLOv8s","pa1077_jpg.rf.6972e8186f1577588969f37c414afa8b.jpg","5","pothole","0.8338112829898755"
"YOLOv8s","pa1077_jpg.rf.6972e8186f1577588969f37c414afa8b.jpg","5","pothole","0.766775739930927"
"YOLOv8s","pa1077_jpg.rf.6972e8186f1577588969f37c414afa8b.jpg","5","pothole","0.5660801318593799"
"YOLOv8s","pa1077_jpg.rf.6972e8186f1577588969f37c414afa8b.jpg","5","pothole","0.7047581886633713"
"YOLOv8s","pa1077_jpg.rf.6972e8186f1577588969f37c414afa8b.jpg","5","pothole","0.544723364127354"
"YOLOv8s","pa1231_jpg.rf.9db8e92afd32d7910ebe98de74c4fdb9.jpg","5","pothole","0.7780944044502143"
"YOLOv8s","pa129_jpg.rf.723c238d6912a7be3ddce824420709a4.jpg","0","alligator","0.7412529519161694"
"YOLOv8s","pa1324_jpg.rf.323df0ef30efbe53a06424ca76f151fd.jpg","5","pothole","0.7823163961824618"
"YOLOv8s","pa1324_jpg.rf.323df0ef30efbe53a06424ca76f151fd.jpg","5","pothole","0.670932983012654"
"YOLOv8s","pa1385_jpg.rf.60b2113cf0717348f4c217435cd8ee20.jpg","5","pothole","0.6141051843269295"
"YOLOv8s","pa1482_jpg.rf.0a3eb2078b44ec32ce35c80862d5665b.jpg","5","pothole","0.5764894488296527"
"YOLOv8s","pa149_jpg.rf.9ccb00e910a74a7ab7bdb119b83bd56d.jpg","5","pothole","0.9523965013561287"
"YOLOv8s","pa159_jpg.rf.0eed0db642db632b52afe68de639fccc.jpg","5","pothole","0.8019608943117424"
"YOLOv8s","pa1618_jpg.rf.cacdafb3ea372d47a45b94c80c0757f8.jpg","5","pothole","0.5488488119119884"
"YOLOv8s","pa1756_jpg.rf.453ef964a9ba936827ce77fc83485fed.jpg","5","pothole","0.8638128304455357"
"YOLOv8s","pa1756_jpg.rf.453ef964a9ba936827ce77fc83485fed.jpg","5","pothole","0.6674113197584093"
"YOLOv8s","pa1771_jpg.rf.68a45a7a5230c85231485d1a8325be5c.jpg","5","pothole","0.9025921401544136"
"YOLOv8s","pa1809_jpg.rf.afc7d40f952fa6c566abde58c9af38ca.jpg","5","pothole","0.6817653634096539"
"YOLOv8s","pa183_jpg.rf.bd50e597fafeb9d8f44a6160a7cdf583.jpg","5","pothole","0.5473399690551686"
"YOLOv8s","pa183_jpg.rf.bd50e597fafeb9d8f44a6160a7cdf583.jpg","0","alligator","0.6466523860397738"
"YOLOv8s","pa1850_jpg.rf.2f1c97ce7036d2c452f31fbbb1c7121c.jpg","5","pothole","0.6852509886212386"
"YOLOv8s","pa209_jpg.rf.af87dc81bc57569df38aa441fd98b657.jpg","5","pothole","0.9042720941408474"
"YOLOv8s","pa212_jpg.rf.101660f546dbb56f5169819b19396dba.jpg","5","pothole","0.8070616362996678"
"YOLOv8s","pa2141_jpg.rf.4cdebf06b504c3acd5ac5b787cafd8a8.jpg","5","pothole","0.834755475861344"
"YOLOv8s","pa2141_jpg.rf.4cdebf06b504c3acd5ac5b787cafd8a8.jpg","5","pothole","0.848231460942377"
"YOLOv8s","pa2153_jpg.rf.8b53d5150e009d4878e4547349a236c8.jpg","5","pothole","0.6250788758302147"
"YOLOv8s","pa2153_jpg.rf.8b53d5150e009d4878e4547349a236c8.jpg","5","pothole","0.6313153872828305"
"YOLOv8s","pa2168_jpg.rf.65ac1b513f961122470ebc6b57bcf4ab.jpg","5","pothole","0.8052346654148255"
"YOLOv8s","pa2168_jpg.rf.65ac1b513f961122470ebc6b57bcf4ab.jpg","5","pothole","0.7412361460414069"
"YOLOv8s","pa2183_jpg.rf.57309ab3753331d69da9be393379a61c.jpg","4","longitudinal","0.6569386920064036"
"YOLOv8s","pa2183_jpg.rf.57309ab3753331d69da9be393379a61c.jpg","5","pothole","0.7823282577407893"
"YOLOv8s","pa2183_jpg.rf.57309ab3753331d69da9be393379a61c.jpg","5","pothole","0.6904848382048088"
"YOLOv8s","pa2183_jpg.rf.57309ab3753331d69da9be393379a61c.jpg","5","pothole","0.5772141912807183"
"YOLOv8s","pa2183_jpg.rf.57309ab3753331d69da9be393379a61c.jpg","5","pothole","0.5055525454027534"
"YOLOv8s","pa2183_jpg.rf.57309ab3753331d69da9be393379a61c.jpg","5","pothole","0.612036499659634"
"YOLOv8s","pa2184_jpg.rf.f578087861c2143f228d216b347590a7.jpg","5","pothole","0.5924982235246944"
"YOLOv8s","pa2184_jpg.rf.f578087861c2143f228d216b347590a7.jpg","5","pothole","0.7636036900730812"
"YOLOv8s","pa2184_jpg.rf.f578087861c2143f228d216b347590a7.jpg","5","pothole","0.714226142208811"
"YOLOv8s","pa2184_jpg.rf.f578087861c2143f228d216b347590a7.jpg","5","pothole","0.5495057653465685"
"YOLOv8s","pa2184_jpg.rf.f578087861c2143f228d216b347590a7.jpg","5","pothole","0.7113713775086409"
"YOLOv8s","pa2184_jpg.rf.f578087861c2143f228d216b347590a7.jpg","5","pothole","0.7803884970722853"
"YOLOv8s","pa2188_jpg.rf.cc8aea6209fe3f65679bde4f439f948d.jpg","5","pothole","0.8688304608643738"
"YOLOv8s","pa2188_jpg.rf.cc8aea6209fe3f65679bde4f439f948d.jpg","5","pothole","0.8056481370840116"
"YOLOv8s","pa2188_jpg.rf.cc8aea6209fe3f65679bde4f439f948d.jpg","5","pothole","0.6400456849072309"
"YOLOv8s","pa2219_jpg.rf.c257ae55b277e25defc3efe4759d3a6d.jpg","5","pothole","0.5985672459533496"
"YOLOv8s","pa2219_jpg.rf.c257ae55b277e25defc3efe4759d3a6d.jpg","5","pothole","0.7701657897139711"
"YOLOv8s","pa2219_jpg.rf.c257ae55b277e25defc3efe4759d3a6d.jpg","5","pothole","0.7146285806823929"
"YOLOv8s","pa2219_jpg.rf.c257ae55b277e25defc3efe4759d3a6d.jpg","5","pothole","0.6958611199427237"
"YOLOv8s","pa2219_jpg.rf.c257ae55b277e25defc3efe4759d3a6d.jpg","5","pothole","0.6678642072823152"
"YOLOv8s","pa2219_jpg.rf.c257ae55b277e25defc3efe4759d3a6d.jpg","5","pothole","0.7194755760323263"
"YOLOv8s","pa2252_jpg.rf.7836cf04572a1095785b380b041dbc4b.jpg","5","pothole","0.7458245787854499"
"YOLOv8s","pa2252_jpg.rf.7836cf04572a1095785b380b041dbc4b.jpg","5","pothole","0.7944181688440549"
"YOLOv8s","pa2252_jpg.rf.7836cf04572a1095785b380b041dbc4b.jpg","5","pothole","0.5769889569742408"
"YOLOv8s","pa2252_jpg.rf.7836cf04572a1095785b380b041dbc4b.jpg","5","pothole","0.82856801684413"
"YOLOv8s","pa2252_jpg.rf.7836cf04572a1095785b380b041dbc4b.jpg","5","pothole","0.5855215797257516"
"YOLOv8s","pa2252_jpg.rf.7836cf04572a1095785b380b041dbc4b.jpg","5","pothole","0.5797369055832344"
"YOLOv8s","pa2252_jpg.rf.7836cf04572a1095785b380b041dbc4b.jpg","5","pothole","0.6649571849235216"
"YOLOv8s","pa2253_jpg.rf.f8be39ca2b5818c585e0cdea2816f677.jpg","5","pothole","0.7802873118646656"
"YOLOv8s","pa2253_jpg.rf.f8be39ca2b5818c585e0cdea2816f677.jpg","5","pothole","0.7494933771561737"
"YOLOv8s","pa2253_jpg.rf.f8be39ca2b5818c585e0cdea2816f677.jpg","5","pothole","0.7367926794787566"
"YOLOv8s","pa2253_jpg.rf.f8be39ca2b5818c585e0cdea2816f677.jpg","5","pothole","0.7213256868545469"
"YOLOv8s","pa2253_jpg.rf.f8be39ca2b5818c585e0cdea2816f677.jpg","5","pothole","0.5463276205847429"
"YOLOv8s","pa2253_jpg.rf.f8be39ca2b5818c585e0cdea2816f677.jpg","5","pothole","0.6650105227619063"
"YOLOv8s","pa2253_jpg.rf.f8be39ca2b5818c585e0cdea2816f677.jpg","5","pothole","0.653307097489812"
"YOLOv8s","pa2253_jpg.rf.f8be39ca2b5818c585e0cdea2816f677.jpg","5","pothole","0.5299613032096991"
"YOLOv8s","pa2253_jpg.rf.f8be39ca2b5818c585e0cdea2816f677.jpg","5","pothole","0.7305248954538861"
"YOLOv8s","pa2253_jpg.rf.f8be39ca2b5818c585e0cdea2816f677.jpg","5","pothole","0.6113775488524622"
"YOLOv8s","pa2253_jpg.rf.f8be39ca2b5818c585e0cdea2816f677.jpg","5","pothole","0.6027780076588803"
"YOLOv8s","pa2253_jpg.rf.f8be39ca2b5818c585e0cdea2816f677.jpg","5","pothole","0.5896526322000717"
"YOLOv8s","pa2253_jpg.rf.f8be39ca2b5818c585e0cdea2816f677.jpg","5","pothole","0.7352171340607668"
"YOLOv8s","pa2269_jpg.rf.ea157728f073440220e4b818019cd2df.jpg","5","pothole","0.5385210838939508"
"YOLOv8s","pa2269_jpg.rf.ea157728f073440220e4b818019cd2df.jpg","5","pothole","0.864352561547748"
"YOLOv8s","pa2269_jpg.rf.ea157728f073440220e4b818019cd2df.jpg","5","pothole","0.6301981654140885"
"YOLOv8s","pa2269_jpg.rf.ea157728f073440220e4b818019cd2df.jpg","5","pothole","0.600724158812965"
"YOLOv8s","pa2269_jpg.rf.ea157728f073440220e4b818019cd2df.jpg","5","pothole","0.5755010158607651"
"YOLOv8s","pa2278_jpg.rf.dc122188348ab75eef158c6c0bced097.jpg","5","pothole","0.8161237125957914"
"YOLOv8s","pa2278_jpg.rf.dc122188348ab75eef158c6c0bced097.jpg","5","pothole","0.7633599032357417"
"YOLOv8s","pa2278_jpg.rf.dc122188348ab75eef158c6c0bced097.jpg","5","pothole","0.860067969558803"
"YOLOv8s","pa2278_jpg.rf.dc122188348ab75eef158c6c0bced097.jpg","5","pothole","0.6333488318376908"
"YOLOv8s","pa2278_jpg.rf.dc122188348ab75eef158c6c0bced097.jpg","5","pothole","0.6927554853377779"
"YOLOv8s","pa2278_jpg.rf.dc122188348ab75eef158c6c0bced097.jpg","5","pothole","0.724139048678133"
"YOLOv8s","pa2284_jpg.rf.341080dd2bf8b385eac1483503822012.jpg","5","pothole","0.7304695554031261"
"YOLOv8s","pa2290_jpg.rf.3da74a4308358109bee88339cabf57db.jpg","5","pothole","0.654042616685112"
"YOLOv8s","pa2291_jpg.rf.ada9e86d2f2f371ff2387d352eb2aa7d.jpg","5","pothole","0.5830450394991283"
"YOLOv8s","pa2294_jpg.rf.84fcea927d0c1617edcee982819bdd6b.jpg","5","pothole","0.6015665505151765"
"YOLOv8s","pa2294_jpg.rf.84fcea927d0c1617edcee982819bdd6b.jpg","5","pothole","0.5773905726447295"
"YOLOv8s","pa2294_jpg.rf.84fcea927d0c1617edcee982819bdd6b.jpg","5","pothole","0.6581247485782027"
"YOLOv8s","pa2298_jpg.rf.0ce07728b4ddd71ebd751b2a13ccf4f0.jpg","5","pothole","0.6292389350898935"
"YOLOv8s","pa2310_jpg.rf.47e131c49087b23f853e42b884709430.jpg","5","pothole","0.7931639711064893"
"YOLOv8s","pa2321_jpg.rf.a6d560af40d0a461c462097f8c209f93.jpg","5","pothole","0.6569737346952307"
"YOLOv8s","pa2321_jpg.rf.a6d560af40d0a461c462097f8c209f93.jpg","5","pothole","0.7847312051021331"
"YOLOv8s","pa2417_jpg.rf.2ddd5f1172d34bd9eb1fda326b488f4d.jpg","5","pothole","0.5223971952002036"
"YOLOv8s","pa2461_jpg.rf.735f57fc580bd384aa09509d437ee379.jpg","5","pothole","0.810340868494618"
"YOLOv8s","pa2461_jpg.rf.735f57fc580bd384aa09509d437ee379.jpg","5","pothole","0.7472269573895557"
"YOLOv8s","pa2461_jpg.rf.735f57fc580bd384aa09509d437ee379.jpg","5","pothole","0.5380653091995607"
"YOLOv8s","pa2464_jpg.rf.8124a58aff54dda7f6c7b011cbf77dbf.jpg","5","pothole","0.8697890984056132"
"YOLOv8s","pa2464_jpg.rf.8124a58aff54dda7f6c7b011cbf77dbf.jpg","5","pothole","0.7207674614202355"
"YOLOv8s","pa2464_jpg.rf.8124a58aff54dda7f6c7b011cbf77dbf.jpg","5","pothole","0.668000229493826"
"YOLOv8s","pa2706_jpg.rf.b0bbe85da1fcbff35239b5fe0149128c.jpg","5","pothole","0.7971385968675676"
"YOLOv8s","pa3107_jpg.rf.d6782f74b794b04999178a4d22e27bad.jpg","5","pothole","0.9018333713564702"
"YOLOv8s","pa3122_jpg.rf.4c9fedc085edb1bfe99d0023922637b9.jpg","4","longitudinal","0.7259461217048587"
"YOLOv8s","pa3122_jpg.rf.4c9fedc085edb1bfe99d0023922637b9.jpg","5","pothole","0.6683035036682474"
"YOLOv8s","pa3122_jpg.rf.4c9fedc085edb1bfe99d0023922637b9.jpg","5","pothole","0.8194139763091519"
"YOLOv8s","pa314_jpg.rf.df269e95d9993cad376da65b26c51ba4.jpg","5","pothole","0.8546097970647092"
"YOLOv8s","pa3155_jpg.rf.5ed3c605522848effddfad73c447afca.jpg","5","pothole","0.6826133977675302"
"YOLOv8s","pa3155_jpg.rf.5ed3c605522848effddfad73c447afca.jpg","0","alligator","0.6666770359480986"
"YOLOv8s","pa3155_jpg.rf.5ed3c605522848effddfad73c447afca.jpg","5","pothole","0.5101091419713809"
"YOLOv8s","pa3155_jpg.rf.5ed3c605522848effddfad73c447afca.jpg","5","pothole","0.698304445261843"
"YOLOv8s","pa3156_jpg.rf.c6531ebbfbe2e735a07567940ecf6e47.jpg","5","pothole","0.793338244868433"
"YOLOv8s","pa3156_jpg.rf.c6531ebbfbe2e735a07567940ecf6e47.jpg","4","longitudinal","0.5036965105514605"
"YOLOv8s","pa3156_jpg.rf.c6531ebbfbe2e735a07567940ecf6e47.jpg","0","alligator","0.5260288344070669"
"YOLOv8s","pa3156_jpg.rf.c6531ebbfbe2e735a07567940ecf6e47.jpg","5","pothole","0.8035223264500554"
"YOLOv8s","pa3156_jpg.rf.c6531ebbfbe2e735a07567940ecf6e47.jpg","5","pothole","0.8090611978479365"
"YOLOv8s","pa3157_jpg.rf.5a3f404820d86f52ef07e1f22bd3390a.jpg","5","pothole","0.880709601210829"
"YOLOv8s","pa3157_jpg.rf.5a3f404820d86f52ef07e1f22bd3390a.jpg","0","alligator","0.7772031527230805"
"YOLOv8s","pa3157_jpg.rf.5a3f404820d86f52ef07e1f22bd3390a.jpg","5","pothole","0.8123228239273996"
"YOLOv8s","pa3157_jpg.rf.5a3f404820d86f52ef07e1f22bd3390a.jpg","5","pothole","0.8081278462622498"
"YOLOv8s","pa3157_jpg.rf.5a3f404820d86f52ef07e1f22bd3390a.jpg","5","pothole","0.8579513646791224"
"YOLOv8s","pa3157_jpg.rf.5a3f404820d86f52ef07e1f22bd3390a.jpg","5","pothole","0.5292626428345182"
"YOLOv8s","pa3157_jpg.rf.5a3f404820d86f52ef07e1f22bd3390a.jpg","0","alligator","0.7884572132891686"
"YOLOv8s","pa3158_jpg.rf.2b1740e4cfdf85a31689fc132a336235.jpg","5","pothole","0.6835546430943239"
"YOLOv8s","pa3158_jpg.rf.2b1740e4cfdf85a31689fc132a336235.jpg","5","pothole","0.812919028890674"
"YOLOv8s","pa3158_jpg.rf.2b1740e4cfdf85a31689fc132a336235.jpg","5","pothole","0.6186605191014479"
"YOLOv8s","pa3158_jpg.rf.2b1740e4cfdf85a31689fc132a336235.jpg","5","pothole","0.6864707442137074"
"YOLOv8s","pa3158_jpg.rf.2b1740e4cfdf85a31689fc132a336235.jpg","0","alligator","0.7828185021611397"
"YOLOv8s","pa3159_jpg.rf.c9e6128bb12feee643fd1dd5ffe6bdb5.jpg","5","pothole","0.7141661557217415"
"YOLOv8s","pa3159_jpg.rf.c9e6128bb12feee643fd1dd5ffe6bdb5.jpg","5","pothole","0.6994513323681253"
"YOLOv8s","pa3159_jpg.rf.c9e6128bb12feee643fd1dd5ffe6bdb5.jpg","5","pothole","0.6818093072009606"
"YOLOv8s","pa3161_jpg.rf.08f3d24cdfc24f06fdf7a8a4bd8d6c92.jpg","5","pothole","0.7246376003443362"
"YOLOv8s","pa3176_jpg.rf.67dbf15564434ee2a69159aa113bd31f.jpg","5","pothole","0.8186907180860732"
"YOLOv8s","pa3176_jpg.rf.67dbf15564434ee2a69159aa113bd31f.jpg","5","pothole","0.8500629496549195"
"YOLOv8s","pa3176_jpg.rf.67dbf15564434ee2a69159aa113bd31f.jpg","4","longitudinal","0.704981841704063"
"YOLOv8s","pa3197_jpg.rf.e11638dc418b282c63b256c20be09472.jpg","5","pothole","0.7633962918162277"
"YOLOv8s","pa3197_jpg.rf.e11638dc418b282c63b256c20be09472.jpg","5","pothole","0.681387467079256"
"YOLOv8s","pa3197_jpg.rf.e11638dc418b282c63b256c20be09472.jpg","5","pothole","0.5077084825111667"
"YOLOv8s","pa3199_jpg.rf.364e6ff8c00cd517129d6cff679b2e6a.jpg","5","pothole","0.8971513883256509"
"YOLOv8s","pa3199_jpg.rf.364e6ff8c00cd517129d6cff679b2e6a.jpg","5","pothole","0.8479986632672226"
"YOLOv8s","pa3219_jpg.rf.6204176b31845fba1f6b4cdded9f7733.jpg","0","alligator","0.7625023934252235"
"YOLOv8s","pa3220_jpg.rf.d87091b3ce7fcc5fb08a5a29a81fa11e.jpg","5","pothole","0.8429047498668316"
"YOLOv8s","pa3220_jpg.rf.d87091b3ce7fcc5fb08a5a29a81fa11e.jpg","5","pothole","0.5660744597838854"
"YOLOv8s","pa3224_jpg.rf.daf788e0e8496a86e4203727974b52ae.jpg","4","longitudinal","0.5896326374076545"
"YOLOv8s","pa3224_jpg.rf.daf788e0e8496a86e4203727974b52ae.jpg","5","pothole","0.8690058261764885"
"YOLOv8s","pa3224_jpg.rf.daf788e0e8496a86e4203727974b52ae.jpg","4","longitudinal","0.5066272931033947"
"YOLOv8s","pa3224_jpg.rf.daf788e0e8496a86e4203727974b52ae.jpg","4","longitudinal","0.6564245424280832"
"YOLOv8s","pa3234_jpg.rf.a4ee1ff5f9810e9159cd210e76629f6c.jpg","5","pothole","0.6197751832161501"
"YOLOv8s","pa3236_jpg.rf.b9829cd4ea18c38460230cb2f4732af8.jpg","5","pothole","0.8349414740943606"
"YOLOv8s","pa3236_jpg.rf.b9829cd4ea18c38460230cb2f4732af8.jpg","5","pothole","0.727142294508919"
"YOLOv8s","pa3236_jpg.rf.b9829cd4ea18c38460230cb2f4732af8.jpg","5","pothole","0.5870136257800679"
"YOLOv8s","pa3236_jpg.rf.b9829cd4ea18c38460230cb2f4732af8.jpg","5","pothole","0.8227529183546027"
"YOLOv8s","pa3236_jpg.rf.b9829cd4ea18c38460230cb2f4732af8.jpg","5","pothole","0.635695470463918"
"YOLOv8s","pa3246_jpg.rf.4f8d59ebd86d27a56de7ce1eb68d8f09.jpg","5","pothole","0.5747969096566671"
"YOLOv8s","pa326_jpg.rf.696f7d4baaf26b5c16246d17e77d6c3b.jpg","5","pothole","0.6777997263721576"
"YOLOv8s","pa3291_jpg.rf.c5d60aa9ddc9ceeab01ca577a09f6ea2.jpg","5","pothole","0.8250865552951417"
"YOLOv8s","pa3297_jpg.rf.b6a49f003827ed93729d3905585d9efe.jpg","5","pothole","0.7569114372237655"
"YOLOv8s","pa3352_jpg.rf.157e9259da7bd86718b8e4198250fd6e.jpg","4","longitudinal","0.5001643714077163"
"YOLOv8s","pa3352_jpg.rf.157e9259da7bd86718b8e4198250fd6e.jpg","5","pothole","0.6780904394930094"
"YOLOv8s","pa3357_jpg.rf.ec137f265aad944e43ceee5fceee3e7d.jpg","5","pothole","0.6235311657009501"
"YOLOv8s","pa3357_jpg.rf.ec137f265aad944e43ceee5fceee3e7d.jpg","5","pothole","0.7095555220639095"
"YOLOv8s","pa3357_jpg.rf.ec137f265aad944e43ceee5fceee3e7d.jpg","5","pothole","0.7262409415804226"
"YOLOv8s","pa3359_jpg.rf.64880577970b08fba7c0b83a62f5e035.jpg","5","pothole","0.5152579921526373"
"YOLOv8s","pa3359_jpg.rf.64880577970b08fba7c0b83a62f5e035.jpg","5","pothole","0.8407813819348111"
"YOLOv8s","pa3366_jpg.rf.3f0c231d5b1ca460b229c0410e589fb9.jpg","5","pothole","0.5768051247059177"
"YOLOv8s","pa3366_jpg.rf.3f0c231d5b1ca460b229c0410e589fb9.jpg","5","pothole","0.7505457742133955"
"YOLOv8s","pa3366_jpg.rf.3f0c231d5b1ca460b229c0410e589fb9.jpg","5","pothole","0.751404539493101"
"YOLOv8s","pa3366_jpg.rf.3f0c231d5b1ca460b229c0410e589fb9.jpg","5","pothole","0.635603904107922"
"YOLOv8s","pa3366_jpg.rf.3f0c231d5b1ca460b229c0410e589fb9.jpg","5","pothole","0.6887407112164887"
"YOLOv8s","pa3366_jpg.rf.3f0c231d5b1ca460b229c0410e589fb9.jpg","5","pothole","0.5850151098914116"
"YOLOv8s","pa3392_jpg.rf.8c94c9a1d3771fc9fb6d0126a07aa204.jpg","5","pothole","0.5301701952386833"
"YOLOv8s","pa3395_jpg.rf.1cc138d48f54560618ceb962ac6b1586.jpg","5","pothole","0.7898522096079746"
"YOLOv8s","pa3395_jpg.rf.1cc138d48f54560618ceb962ac6b1586.jpg","5","pothole","0.6217835703103556"
"YOLOv8s","pa3395_jpg.rf.1cc138d48f54560618ceb962ac6b1586.jpg","5","pothole","0.6655365135544561"
"YOLOv8s","pa3395_jpg.rf.1cc138d48f54560618ceb962ac6b1586.jpg","5","pothole","0.6659944749691017"
"YOLOv8s","pa3395_jpg.rf.1cc138d48f54560618ceb962ac6b1586.jpg","5","pothole","0.5958006402409753"
"YOLOv8s","pa3395_jpg.rf.1cc138d48f54560618ceb962ac6b1586.jpg","5","pothole","0.8319404843709477"
"YOLOv8s","pa3395_jpg.rf.1cc138d48f54560618ceb962ac6b1586.jpg","5","pothole","0.6348872100413488"
"YOLOv8s","pa3395_jpg.rf.1cc138d48f54560618ceb962ac6b1586.jpg","5","pothole","0.6767079723001959"
"YOLOv8s","pa3395_jpg.rf.1cc138d48f54560618ceb962ac6b1586.jpg","5","pothole","0.6926957158189776"
"YOLOv8s","pa3395_jpg.rf.1cc138d48f54560618ceb962ac6b1586.jpg","5","pothole","0.8016581051287395"
"YOLOv8s","pa3395_jpg.rf.1cc138d48f54560618ceb962ac6b1586.jpg","5","pothole","0.7468412764037221"
"YOLOv8s","pa3418_jpg.rf.8016d164ffd469d71d96ae9492a52705.jpg","5","pothole","0.6224074390127792"
"YOLOv8s","pa3418_jpg.rf.8016d164ffd469d71d96ae9492a52705.jpg","5","pothole","0.7635845616397733"
"YOLOv8s","pa3418_jpg.rf.8016d164ffd469d71d96ae9492a52705.jpg","5","pothole","0.525920098627732"
"YOLOv8s","pa3418_jpg.rf.8016d164ffd469d71d96ae9492a52705.jpg","5","pothole","0.7467797944897685"
"YOLOv8s","pa3425_jpg.rf.3110a2ec11563c21e215ee7cf0897954.jpg","5","pothole","0.6836696086731721"
"YOLOv8s","pa3425_jpg.rf.3110a2ec11563c21e215ee7cf0897954.jpg","5","pothole","0.581175088755222"
"YOLOv8s","pa3425_jpg.rf.3110a2ec11563c21e215ee7cf0897954.jpg","5","pothole","0.5505828113522419"
"YOLOv8s","pa3454_jpg.rf.2d0d87aab7e5286606784c0ec94750d5.jpg","4","longitudinal","0.526462527064181"
"YOLOv8s","pa3456_jpg.rf.989baf83e244db86509a465561371f4c.jpg","4","longitudinal","0.6725090096613535"
"YOLOv8s","pa3456_jpg.rf.989baf83e244db86509a465561371f4c.jpg","5","pothole","0.6009298325908101"
"YOLOv8s","pa3501_jpg.rf.433de8c8193cdd6e4d28dae883e72ee2.jpg","5","pothole","0.9088527716640996"
"YOLOv8s","pa3510_jpg.rf.15f1e9b85651bc2da1b754ab84a8ec91.jpg","5","pothole","0.7771559172569967"
"YOLOv8s","pa3510_jpg.rf.15f1e9b85651bc2da1b754ab84a8ec91.jpg","4","longitudinal","0.7271786326005363"
"YOLOv8s","pa3514_jpg.rf.7a8f44827bb538b64283c7427e0ecc37.jpg","5","pothole","0.9242280627035009"
"YOLOv8s","pa3514_jpg.rf.7a8f44827bb538b64283c7427e0ecc37.jpg","5","pothole","0.6891760156694288"
"YOLOv8s","pa3514_jpg.rf.7a8f44827bb538b64283c7427e0ecc37.jpg","5","pothole","0.8056849682981742"
"YOLOv8s","pa3514_jpg.rf.7a8f44827bb538b64283c7427e0ecc37.jpg","5","pothole","0.595027335897944"
"YOLOv8s","pa3525_jpg.rf.41bc44a8af58ed55c4c7e455f908fd02.jpg","5","pothole","0.8186386443272712"
"YOLOv8s","pa3547_jpg.rf.b2f88e7da9edc23481f1c2c9e8d492ca.jpg","5","pothole","0.6652586658191022"
"YOLOv8s","pa3552_jpg.rf.764e510bae30eb8cf14eb4932a575e46.jpg","4","longitudinal","0.5413781396102109"
"YOLOv8s","pa3571_jpg.rf.9cf669ef787f556fc886fc3337975463.jpg","5","pothole","0.6235588304092934"
"YOLOv8s","pa3571_jpg.rf.9cf669ef787f556fc886fc3337975463.jpg","5","pothole","0.5499144024070627"
"YOLOv8s","pa3571_jpg.rf.9cf669ef787f556fc886fc3337975463.jpg","5","pothole","0.5319204125773553"
"YOLOv8s","pa3591_jpg.rf.68579a6805fd2d55aba360aff52d49a4.jpg","0","alligator","0.5504478230361389"
"YOLOv8s","pa3591_jpg.rf.68579a6805fd2d55aba360aff52d49a4.jpg","0","alligator","0.5431949937705506"
"YOLOv8s","pa3591_jpg.rf.68579a6805fd2d55aba360aff52d49a4.jpg","4","longitudinal","0.6134913996475347"
"YOLOv8s","pa3592_jpg.rf.91ea07096b3b2b791cc6bc483b21566d.jpg","5","pothole","0.8302647271129672"
"YOLOv8s","pa3592_jpg.rf.91ea07096b3b2b791cc6bc483b21566d.jpg","4","longitudinal","0.7454487273645289"
"YOLOv8s","pa3592_jpg.rf.91ea07096b3b2b791cc6bc483b21566d.jpg","0","alligator","0.6086267860376114"
"YOLOv8s","pa3595_jpg.rf.ade41d993b0e64096e2061bf9cf0f815.jpg","5","pothole","0.8998691322207091"
"YOLOv8s","pa3595_jpg.rf.ade41d993b0e64096e2061bf9cf0f815.jpg","4","longitudinal","0.5985684212531698"
"YOLOv8s","pa3595_jpg.rf.ade41d993b0e64096e2061bf9cf0f815.jpg","4","longitudinal","0.5564584448604297"
"YOLOv8s","pa3603_jpg.rf.77be033ac089f50c4bcbe35db17e19d9.jpg","4","longitudinal","0.8137742897145486"
"YOLOv8s","pa3603_jpg.rf.77be033ac089f50c4bcbe35db17e19d9.jpg","0","alligator","0.7854233166042937"
"YOLOv8s","pa3603_jpg.rf.77be033ac089f50c4bcbe35db17e19d9.jpg","5","pothole","0.7083385631795741"
"YOLOv8s","pa3611_jpg.rf.2f36ae32660850fbf152902ed74e958b.jpg","5","pothole","0.8365340508226333"
"YOLOv8s","pa3611_jpg.rf.2f36ae32660850fbf152902ed74e958b.jpg","4","longitudinal","0.7968870853656602"
"YOLOv8s","pa3611_jpg.rf.2f36ae32660850fbf152902ed74e958b.jpg","4","longitudinal","0.8454451932214085"
"YOLOv8s","pa3628_jpg.rf.62bcd36644b8fc499e73623a2a95afc0.jpg","5","pothole","0.8134314617612249"
"YOLOv8s","pa3636_jpg.rf.f40c05226611c497eecab1fb06b32d72.jpg","4","longitudinal","0.6055536963011225"
"YOLOv8s","pa3636_jpg.rf.f40c05226611c497eecab1fb06b32d72.jpg","0","alligator","0.6987429698219637"
"YOLOv8s","pa3636_jpg.rf.f40c05226611c497eecab1fb06b32d72.jpg","4","longitudinal","0.6274768250796362"
"YOLOv8s","pa387_jpg.rf.6cb970173e8c4e173a92d227a40c5128.jpg","5","pothole","0.7766800092467915"
"YOLOv8s","pa404_jpg.rf.aac4ed4977aa1a659397af60dbf1d409.jpg","5","pothole","0.5100955140076062"
"YOLOv8s","pa427_jpg.rf.eefe5a56b56acfb5fc0427d21cae1967.jpg","5","pothole","0.8368569007278543"
"YOLOv8s","pa427_jpg.rf.eefe5a56b56acfb5fc0427d21cae1967.jpg","0","alligator","0.553854613437235"
"YOLOv8s","pa428_jpg.rf.098e90baa5620cb5f3b6cf8807677d65.jpg","5","pothole","0.707936314158807"
"YOLOv8s","pa429_jpg.rf.b2cb03e06cec697213e32dab0be4fc7b.jpg","5","pothole","0.7942391158120796"
"YOLOv8s","pa438_jpg.rf.7b0154840d1620e966243cf300e1c0f7.jpg","5","pothole","0.7797429568569008"
"YOLOv8s","pa449_jpg.rf.c2d6134be222e2a963caf3714e395905.jpg","5","pothole","0.8241033637123296"
"YOLOv8s","pa449_jpg.rf.c2d6134be222e2a963caf3714e395905.jpg","0","alligator","0.5922767154369545"
"YOLOv8s","pa452_jpg.rf.d1392d3bc75e126ee454c3adfb2284e2.jpg","5","pothole","0.8372846917762912"
"YOLOv8s","pa461_jpg.rf.1fce01bfb87456cd0e8a73c7c52e5dc1.jpg","5","pothole","0.732150732938306"
"YOLOv8s","pa461_jpg.rf.1fce01bfb87456cd0e8a73c7c52e5dc1.jpg","4","longitudinal","0.6181841595939312"
"YOLOv8s","pa468_jpg.rf.ec18257e141756322e0fdfbf551f4fb5.jpg","5","pothole","0.8192532973653288"
"YOLOv8s","pa479_jpg.rf.ff9c4ec59915c50b6e8c469d615d2f95.jpg","5","pothole","0.8324530926000457"
"YOLOv8s","pa480_jpg.rf.ce0961009b97eb4bbf5cf9b173354dd7.jpg","5","pothole","0.5983325299440978"
"YOLOv8s","pa494_jpg.rf.17d3df3970bafae5983066313d7eb89e.jpg","5","pothole","0.7305209601844508"
"YOLOv8s","pa495_jpg.rf.7fbf50e16274e79397e5b0b5e6fd85e4.jpg","5","pothole","0.8339669295078183"
"YOLOv8s","pa495_jpg.rf.7fbf50e16274e79397e5b0b5e6fd85e4.jpg","4","longitudinal","0.8585903789376148"
"YOLOv8s","pa504_jpg.rf.a0106f3a868573a050bbac924a1ea925.jpg","5","pothole","0.7228057518396914"
"YOLOv8s","pa589_jpg.rf.dfb1c3bb89eac6febed20c1f5c7346b6.jpg","5","pothole","0.6367139096654099"
"YOLOv8s","pa645_jpg.rf.23934ac36dac13946cea928f80f9045e.jpg","5","pothole","0.8535830890150069"
"YOLOv8s","pa647_jpg.rf.c369fdfcd5dc4600f107c04315291030.jpg","5","pothole","0.8812509527869127"
"YOLOv8s","pa650_jpg.rf.6815a03e7387efcba015335633df915b.jpg","5","pothole","0.5850283180950565"
"YOLOv8s","pa651_jpg.rf.6148afe38bca216b8dbe8232961b7a49.jpg","5","pothole","0.802887689553151"
"YOLOv8s","pa651_jpg.rf.6148afe38bca216b8dbe8232961b7a49.jpg","0","alligator","0.5774785193948566"
"YOLOv8s","pa695_jpg.rf.7fea3d36daff03aa17c2125902f10c58.jpg","5","pothole","0.8477483062922139"
"YOLOv8s","pa703_jpg.rf.9254f679be436f30f86b79a640aba45e.jpg","5","pothole","0.8187801588473904"
"YOLOv8s","pa705_jpg.rf.647adf405e25a77951159267ac115945.jpg","5","pothole","0.866160936359794"
"YOLOv8s","pa771_jpg.rf.004c40ea1d1e2bc0e635d422dfd23902.jpg","5","pothole","0.8711715177373854"
"YOLOv8s","pa771_jpg.rf.004c40ea1d1e2bc0e635d422dfd23902.jpg","0","alligator","0.6828531471169079"
"YOLOv8s","pa775_jpg.rf.1fab3c0ec17572b0b30542c2dd3d132b.jpg","5","pothole","0.8189970802524976"
"YOLOv8s","pa775_jpg.rf.1fab3c0ec17572b0b30542c2dd3d132b.jpg","0","alligator","0.5371612669532501"
"YOLOv8s","pa775_jpg.rf.1fab3c0ec17572b0b30542c2dd3d132b.jpg","0","alligator","0.6477347532028223"
"YOLOv8s","pa776_jpg.rf.0984fd543f05f5fa139606dfa87fc7b8.jpg","5","pothole","0.8920995166840191"
"YOLOv8s","pa776_jpg.rf.0984fd543f05f5fa139606dfa87fc7b8.jpg","0","alligator","0.7593020399802153"
"YOLOv8s","pa776_jpg.rf.0984fd543f05f5fa139606dfa87fc7b8.jpg","0","alligator","0.657900167471197"
"YOLOv8s","pa777_jpg.rf.b783e6a2098f8e059463727dc965e31f.jpg","5","pothole","0.7484981531196087"
"YOLOv8s","pa781_jpg.rf.96fa723eaa6ad67fdfc47f7c12d46637.jpg","5","pothole","0.8070010370240756"
"YOLOv8s","pa782_jpg.rf.3372570817045bf0f2d04a83d7cfa44e.jpg","5","pothole","0.7985764288412007"
"YOLOv8s","pa796_jpg.rf.0db98fcedb465f5053204022787ae182.jpg","5","pothole","0.7071094798308303"
"YOLOv8s","pa799_jpg.rf.8ec6147f47c79f7834d5fd7e0ac5d2d3.jpg","5","pothole","0.9176584573605419"
"YOLOv8s","pa799_jpg.rf.8ec6147f47c79f7834d5fd7e0ac5d2d3.jpg","0","alligator","0.5760635626686814"
"YOLOv8s","pa818_jpg.rf.4ba606d5d955f9b07985e4eb783e01ab.jpg","5","pothole","0.6803029899254985"
"YOLOv8s","pa821_jpg.rf.2dd86e5ff07e11aa61ac5e52bc857eb8.jpg","5","pothole","0.7196866224545203"
"YOLOv8s","pa821_jpg.rf.2dd86e5ff07e11aa61ac5e52bc857eb8.jpg","5","pothole","0.7560724314015511"
"YOLOv8s","pa821_jpg.rf.2dd86e5ff07e11aa61ac5e52bc857eb8.jpg","5","pothole","0.8029146785809278"
"YOLOv8s","pa821_jpg.rf.2dd86e5ff07e11aa61ac5e52bc857eb8.jpg","5","pothole","0.5666088098072156"
"YOLOv8s","pa829_jpg.rf.fb14497bd5974ff624e674ec02cdb54a.jpg","5","pothole","0.5290577509161317"
"YOLOv8s","pa873_jpg.rf.7f10843ced15cd1f5632dbd16b3ce704.jpg","5","pothole","0.6893369159531738"
"YOLOv8s","pa966_jpg.rf.fd99ce9fd7b04c9746731f2f1041e490.jpg","5","pothole","0.8713668630666209"
"YOLOv8s","pa966_jpg.rf.fd99ce9fd7b04c9746731f2f1041e490.jpg","5","pothole","0.6556145566155541"
"YOLOv8s","pa998_jpg.rf.54e45d051d8bb76069c70d3c23d222cc.jpg","5","pothole","0.7930199201044706"
"YOLOv8s","pa998_jpg.rf.54e45d051d8bb76069c70d3c23d222cc.jpg","5","pothole","0.8341285659390195"
"YOLOv8s","po_100_jpg.rf.1db6f99f6f200033467c2af504ce2f28.jpg","5","pothole","0.8308999753944563"
"YOLOv8s","po_1084_jpg.rf.3a72bae3ec5ef793e276f87fe8d50d98.jpg","5","pothole","0.8515459268936815"
"YOLOv8s","po_1084_jpg.rf.3a72bae3ec5ef793e276f87fe8d50d98.jpg","5","pothole","0.5034578795150203"
"YOLOv8s","po_1155_jpg.rf.df74ab6cbf2d75886e7d3d9aa46eaa0d.jpg","5","pothole","0.848008318098118"
"YOLOv8s","po_1155_jpg.rf.df74ab6cbf2d75886e7d3d9aa46eaa0d.jpg","5","pothole","0.8711403796160488"
"YOLOv8s","po_1155_jpg.rf.df74ab6cbf2d75886e7d3d9aa46eaa0d.jpg","5","pothole","0.7612338252221467"
"YOLOv8s","po_1155_jpg.rf.df74ab6cbf2d75886e7d3d9aa46eaa0d.jpg","5","pothole","0.8156203325197805"
"YOLOv8s","po_1155_jpg.rf.df74ab6cbf2d75886e7d3d9aa46eaa0d.jpg","5","pothole","0.808163933910367"
"YOLOv8s","po_1155_jpg.rf.df74ab6cbf2d75886e7d3d9aa46eaa0d.jpg","5","pothole","0.7082733912903332"
"YOLOv8s","po_1155_jpg.rf.df74ab6cbf2d75886e7d3d9aa46eaa0d.jpg","5","pothole","0.6965792701152201"
"YOLOv8s","po_1155_jpg.rf.df74ab6cbf2d75886e7d3d9aa46eaa0d.jpg","5","pothole","0.8833059219092744"
"YOLOv8s","po_1155_jpg.rf.df74ab6cbf2d75886e7d3d9aa46eaa0d.jpg","5","pothole","0.938354205609448"
"YOLOv8s","po_1155_jpg.rf.df74ab6cbf2d75886e7d3d9aa46eaa0d.jpg","5","pothole","0.6704351849168"
"YOLOv8s","po_1155_jpg.rf.df74ab6cbf2d75886e7d3d9aa46eaa0d.jpg","5","pothole","0.8190573639774323"
"YOLOv8s","po_1195_jpg.rf.6e6f8131f6d521bcfab2d50eaf4b613c.jpg","5","pothole","0.6409503362567864"
"YOLOv8s","po_1201_jpg.rf.09a4140a18af2e3d4409297e8dc58aeb.jpg","5","pothole","0.90369663705274"
"YOLOv8s","po_1201_jpg.rf.09a4140a18af2e3d4409297e8dc58aeb.jpg","5","pothole","0.8402912389170848"
"YOLOv8s","po_1464_jpg.rf.a014399a938d3a98f5dbd08ae2ddd139.jpg","5","pothole","0.8835562281125996"
"YOLOv8s","po_1464_jpg.rf.a014399a938d3a98f5dbd08ae2ddd139.jpg","5","pothole","0.7655506172022674"
"YOLOv8s","po_1521_jpg.rf.d860680b4cecaa8e10e63aa97d9369b6.jpg","5","pothole","0.8772942271821229"
"YOLOv8s","po_1564_jpg.rf.13c41ba50ea808e16d9763919ec4779f.jpg","5","pothole","0.8784844882295006"
"YOLOv8s","po_1594_jpg.rf.bf00b0cab8e522dcd43e714a02bbb30a.jpg","5","pothole","0.6590766782373363"
"YOLOv8s","po_1810_jpg.rf.bb12ad6e1225a7a4d8970d15c02c697f.jpg","5","pothole","0.7937417664393454"
"YOLOv8s","po_1810_jpg.rf.bb12ad6e1225a7a4d8970d15c02c697f.jpg","5","pothole","0.7936560894536718"
"YOLOv8s","Rissbilder_for_Florian_9S6A3090_0_0_5760_3840_jpg.rf.b2eacb99979f5edb8be277b176cedc0b.jpg","2","crack","0.7868832877721492"
"YOLOv8s","Rissbilder_for_Florian_9S6A3091_37_518_2574_2311_jpg.rf.7ec5a5f3b3fe2b5445bd44f3b04c9c09.jpg","2","crack","0.8813953280921715"
"YOLOv8s","Rissbilder_for_Florian_9S6A3092_2579_113_2109_2680_jpg.rf.55d1e67a21569c4c90d8729b049b4d29.jpg","2","crack","0.6727710360885586"
"YOLOv8s","Rissbilder_for_Florian_9S6A3092_272_70_2808_2402_jpg.rf.ee31828c25be283a2d41c6cbaf353ce6.jpg","2","crack","0.7358153199643043"
"YOLOv8s","Rissbilder_for_Florian_9S6A3092_2897_476_2077_2453_jpg.rf.e33da2c3e7d39f53c7a6d08a6b02ca11.jpg","2","crack","0.6636697159385931"
"YOLOv8s","Rissbilder_for_Florian_9S6A3093_283_1182_2352_1944_jpg.rf.faea732cab41b74257323860bd28a1a2.jpg","2","crack","0.6820631491763135"
"YOLOv8s","Rissbilder_for_Florian_9S6A3093_284_1596_2799_3219_jpg.rf.57951942ba6ce4b9637295a9666ea9a0.jpg","2","crack","0.8976816116636753"
"YOLOv8s","Rissbilder_for_Florian_9S6A3093_37_1181_3732_3846_jpg.rf.006003183da1c42da89e51aed19807c6.jpg","2","crack","0.7306946322217825"
"YOLOv8s","Rissbilder_for_Florian_9S6A3093_87_19_3689_4534_jpg.rf.15e8576896a2f5bda12b606082249069.jpg","2","crack","0.8805107182835629"
"YOLOv8s","Rissbilder_for_Florian_9S6A3094_223_2682_3437_2909_jpg.rf.b10fa1503772836db14bad3bdda6f2ba.jpg","2","crack","0.7412256392881875"
"YOLOv8s","Rissbilder_for_Florian_9S6A3094_285_1199_2374_2741_jpg.rf.eba35499ca6983ade0f3e1cbcaf5186f.jpg","2","crack","0.842422063413782"
"YOLOv8s","Rissbilder_for_Florian_9S6A3094_596_1754_2681_3046_jpg.rf.043b47e46bd091d30b564634e6cffdb0.jpg","2","crack","0.8286262761437191"
"YOLOv8s","Rissbilder_for_Florian_9S6A3101_430_1464_3202_4258_jpg.rf.09de3ae6ea1971f7b4fa03b467fd36c8.jpg","2","crack","0.9065300086006809"
"YOLOv8s","Rissbilder_for_Florian_9S6A3101_606_2243_3069_3197_jpg.rf.623885e11b70225d68019baa4a9472b6.jpg","2","crack","0.7317256256541923"
"YOLOv8s","Rissbilder_for_Florian_9S6A3101_682_1712_2101_2312_jpg.rf.c6238abc500f0743d1591c2a7407a416.jpg","2","crack","0.8279577535360448"
"YOLOv8s","Rissbilder_for_Florian_9S6A3102_176_1526_2927_3337_jpg.rf.0e75b7a30c9a74a0bf51a7fde8bff144.jpg","2","crack","0.8740298584162435"
"YOLOv8s","Rissbilder_for_Florian_9S6A3102_176_1526_2927_3337_jpg.rf.0e75b7a30c9a74a0bf51a7fde8bff144.jpg","2","crack","0.780021557659471"
"YOLOv8s","Rissbilder_for_Florian_9S6A3102_176_1526_2927_3337_jpg.rf.0e75b7a30c9a74a0bf51a7fde8bff144.jpg","2","crack","0.6519603180825713"
"YOLOv8s","Rissbilder_for_Florian_9S6A3102_375_2426_3300_2531_jpg.rf.9d5f55c6ae7f435045e0876ccf8bcf84.jpg","2","crack","0.6022778847393787"
"YOLOv8s","Rissbilder_for_Florian_9S6A3102_375_2426_3300_2531_jpg.rf.9d5f55c6ae7f435045e0876ccf8bcf84.jpg","2","crack","0.8377148260766575"
"YOLOv8s","Rissbilder_for_Florian_9S6A3102_838_236_2828_2844_jpg.rf.41dab5f676a4bba0d21196280e0ff493.jpg","2","crack","0.6985790319546031"
"YOLOv8s","Rissbilder_for_Florian_9S6A3103_0_0_3840_5760_jpg.rf.d2b1248e324fa77c8f458301058b76ac.jpg","2","crack","0.7148134801344668"
"YOLOv8s","Rissbilder_for_Florian_9S6A3104_1473_9_3665_3793_jpg.rf.fe1dcc8feba2c051c629cfa0c484a718.jpg","2","crack","0.682174111953074"
"YOLOv8s","Rissbilder_for_Florian_9S6A3104_151_147_3971_3570_jpg.rf.b13da8f62613093dc18db9b0a92ce702.jpg","2","crack","0.7805736894003934"
"YOLOv8s","Rissbilder_for_Florian_9S6A3105_354_830_2658_3462_jpg.rf.66af65abc6fc435180523e9af9dd08b2.jpg","2","crack","0.6986002440430481"
"YOLOv8s","Rissbilder_for_Florian_9S6A3106_1176_3489_2290_1937_jpg.rf.603d40c8d0d4a1d48dea4cc6ba0d9cd2.jpg","2","crack","0.7931861252861986"
"YOLOv8s","Rissbilder_for_Florian_9S6A3106_333_1784_3162_3278_jpg.rf.a227b8626a83ed4407d72203b8a7f58c.jpg","2","crack","0.7377354390832866"
"YOLOv8s","Rissbilder_for_Florian_9S6A3106_521_315_3058_2943_jpg.rf.53b823e7315dca8ab8e810960fac1a52.jpg","2","crack","0.6911661929632956"
"YOLOv8s","Rissbilder_for_Florian_9S6A3106_606_1222_2754_3177_jpg.rf.220f156c6a57090a8bb1cf43a369318a.jpg","2","crack","0.6082155056512087"
"YOLOv8s","Sylvie_Chambon_116_jpg.rf.a278a20430bd5cf449023f849f7886fb.jpg","2","crack","0.8171317632118611"
"YOLOv8s","us24-13-_jpg.rf.dd6efa9921b672453c0cb523c16d4bb5.jpg","6","transverse","0.6170480022382632"
"YOLOv8s","us24-13-_jpg.rf.dd6efa9921b672453c0cb523c16d4bb5.jpg","6","transverse","0.5673122502356243"
"YOLOv8s","us24-13-_jpg.rf.dd6efa9921b672453c0cb523c16d4bb5.jpg","4","longitudinal","0.7318079891800585"
"YOLOv8s","us24-15-_jpg.rf.6757a59c35b654b0fdd69dfdc54aaff8.jpg","6","transverse","0.6127605878814928"
"YOLOv8s","us24-15-_jpg.rf.6757a59c35b654b0fdd69dfdc54aaff8.jpg","4","longitudinal","0.7095466307999909"
"YOLOv8s","us24-15-_jpg.rf.6757a59c35b654b0fdd69dfdc54aaff8.jpg","6","transverse","0.6649007375877911"
"YOLOv8s","Volker_DSC01632_62_448_1530_1875_jpg.rf.1f6cd29e4afd17fd845f6b7e5fd77278.jpg","2","crack","0.8311647137169049"
"YOLOv8s","Volker_DSC01633_342_49_2155_1737_jpg.rf.f6a55fae2a9ab3ec402eab337e87542c.jpg","2","crack","0.6417266887452184"
"YOLOv8s","Volker_DSC01634_0_0_1824_2736_jpg.rf.a89e8f72c1ad700d8aa911306a2bd75a.jpg","2","crack","0.8545756991002285"
"YOLOv8s","Volker_DSC01634_0_0_1824_2736_jpg.rf.a89e8f72c1ad700d8aa911306a2bd75a.jpg","2","crack","0.876975314377816"
"YOLOv8s","Volker_DSC01634_0_0_1824_2736_jpg.rf.a89e8f72c1ad700d8aa911306a2bd75a.jpg","2","crack","0.8029965516650284"
"YOLOv8s","Volker_DSC01634_213_873_1583_1809_jpg.rf.e410c16b6eb865c33462835c57ebc2d3.jpg","2","crack","0.8906161787919843"
"YOLOv8s","Volker_DSC01634_213_873_1583_1809_jpg.rf.e410c16b6eb865c33462835c57ebc2d3.jpg","2","crack","0.955944186670217"
